-- data poulation script for the Spaces databases
-- Jayden Houghton
-- DAT601 S1 2023


USE Master
go
USE Spaces_Database;
go


-- contact info (100 records)
INSERT INTO ContactInfo (Phone, Email, SecondaryEmail) VALUES ('283-948-0944', 'emackniely0@nifty.com', 'kshelsher0@ning.com');
INSERT INTO ContactInfo (Phone, Email, SecondaryEmail) VALUES ('850-931-3464', 'tslocum1@techcrunch.com', 'cdurman1@liveinternet.ru');
INSERT INTO ContactInfo (Phone, Email, SecondaryEmail) VALUES ('223-918-9919', 'dbuse2@sun.com', 'tvasilechko2@google.co.jp');
INSERT INTO ContactInfo (Phone, Email, SecondaryEmail) VALUES ('914-374-5692', 'bjeune3@indiegogo.com', 'itinsley3@ted.com');
INSERT INTO ContactInfo (Phone, Email, SecondaryEmail) VALUES ('160-920-2007', 'flearmonth4@cbslocal.com', 'sschule4@samsung.com');
INSERT INTO ContactInfo (Phone, Email, SecondaryEmail) VALUES ('383-685-0886', 'dmagill5@issuu.com', 'pbrownell5@g.co');
INSERT INTO ContactInfo (Phone, Email, SecondaryEmail) VALUES ('307-509-1300', 'ghesbrook6@disqus.com', 'mfolkerts6@jimdo.com');
INSERT INTO ContactInfo (Phone, Email, SecondaryEmail) VALUES ('354-198-9368', 'estean7@homestead.com', 'shadgkiss7@icio.us');
INSERT INTO ContactInfo (Phone, Email, SecondaryEmail) VALUES ('613-517-3104', 'agrivori8@chronoengine.com', 'ipenwright8@reference.com');
INSERT INTO ContactInfo (Phone, Email, SecondaryEmail) VALUES ('287-525-4309', 'dtaree9@shareasale.com', 'ahowship9@ucoz.com');
INSERT INTO ContactInfo (Phone, Email, SecondaryEmail) VALUES ('501-394-5901', 'ssullya@wunderground.com', 'asidebottona@adobe.com');
INSERT INTO ContactInfo (Phone, Email, SecondaryEmail) VALUES ('173-959-1947', 'agilbeeb@kickstarter.com', 'kdaviddib@hostgator.com');
INSERT INTO ContactInfo (Phone, Email, SecondaryEmail) VALUES ('760-588-0163', 'aanshellc@exblog.jp', 'sodunneenc@paginegialle.it');
INSERT INTO ContactInfo (Phone, Email, SecondaryEmail) VALUES ('898-419-2236', 'asambeckd@google.fr', 'vawind@taobao.com');
INSERT INTO ContactInfo (Phone, Email, SecondaryEmail) VALUES ('739-757-6215', 'smapledorume@irs.gov', 'ebathame@disqus.com');
INSERT INTO ContactInfo (Phone, Email, SecondaryEmail) VALUES ('312-417-3257', 'doffillf@about.me', 'lstockenf@miibeian.gov.cn');
INSERT INTO ContactInfo (Phone, Email, SecondaryEmail) VALUES ('173-868-6974', 'rkybbyeg@ow.ly', 'cdung@icio.us');
INSERT INTO ContactInfo (Phone, Email, SecondaryEmail) VALUES ('769-928-3622', 'wsaddletonh@printfriendly.com', 'yprofferh@princeton.edu');
INSERT INTO ContactInfo (Phone, Email, SecondaryEmail) VALUES ('652-202-1083', 'mshasnani@arizona.edu', 'hbirtwhistlei@google.com.br');
INSERT INTO ContactInfo (Phone, Email, SecondaryEmail) VALUES ('632-903-8155', 'cfeldmusj@opensource.org', 'njorgensenj@discovery.com');
INSERT INTO ContactInfo (Phone, Email, SecondaryEmail) VALUES ('182-203-5875', 'dokik@hud.gov', 'dmougelk@zimbio.com');
INSERT INTO ContactInfo (Phone, Email, SecondaryEmail) VALUES ('371-438-0133', 'mpryddenl@51.la', 'miskowiczl@cdbaby.com');
INSERT INTO ContactInfo (Phone, Email, SecondaryEmail) VALUES ('553-804-5437', 'npadberrym@free.fr', 'lavramchikm@who.int');
INSERT INTO ContactInfo (Phone, Email, SecondaryEmail) VALUES ('630-996-7370', 'vcastellettin@nhs.uk', 'fsneezemn@aol.com');
INSERT INTO ContactInfo (Phone, Email, SecondaryEmail) VALUES ('333-256-4938', 'mebbingso@huffingtonpost.com', 'ryesichevo@mtv.com');
INSERT INTO ContactInfo (Phone, Email, SecondaryEmail) VALUES ('429-731-3677', 'gvreibergp@so-net.ne.jp', 'lyggop@usda.gov');
INSERT INTO ContactInfo (Phone, Email, SecondaryEmail) VALUES ('459-237-9755', 'sspeedingq@t-online.de', 'kguiettq@army.mil');
INSERT INTO ContactInfo (Phone, Email, SecondaryEmail) VALUES ('445-330-0036', 'uladleyr@livejournal.com', 'aswaislandr@imdb.com');
INSERT INTO ContactInfo (Phone, Email, SecondaryEmail) VALUES ('615-283-3593', 'arussons@dailymotion.com', 'ecolmans@springer.com');
INSERT INTO ContactInfo (Phone, Email, SecondaryEmail) VALUES ('406-125-0535', 'sausellot@is.gd', 'wbailyt@123-reg.co.uk');
INSERT INTO ContactInfo (Phone, Email, SecondaryEmail) VALUES ('826-194-4971', 'lsleefordu@so-net.ne.jp', 'npetruschu@telegraph.co.uk');
INSERT INTO ContactInfo (Phone, Email, SecondaryEmail) VALUES ('120-946-6961', 'hshipseyv@howstuffworks.com', 'aricardv@wikia.com');
INSERT INTO ContactInfo (Phone, Email, SecondaryEmail) VALUES ('131-899-7835', 'fgorrissenw@chronoengine.com', 'smacrieriew@cnet.com');
INSERT INTO ContactInfo (Phone, Email, SecondaryEmail) VALUES ('362-707-0666', 'tglitherowx@surveymonkey.com', 'dlardgex@weibo.com');
INSERT INTO ContactInfo (Phone, Email, SecondaryEmail) VALUES ('677-219-4797', 'bpercivaly@sciencedaily.com', 'mmccartyy@vinaora.com');
INSERT INTO ContactInfo (Phone, Email, SecondaryEmail) VALUES ('390-282-1531', 'mamoriz@exblog.jp', 'gvasyukhichevz@macromedia.com');
INSERT INTO ContactInfo (Phone, Email, SecondaryEmail) VALUES ('804-982-4681', 'codonovan10@wikispaces.com', 'eaizikov10@marriott.com');
INSERT INTO ContactInfo (Phone, Email, SecondaryEmail) VALUES ('422-109-1788', 'tmaffezzoli11@wp.com', 'ogerson11@arizona.edu');
INSERT INTO ContactInfo (Phone, Email, SecondaryEmail) VALUES ('411-289-9330', 'cashbrook12@addthis.com', 'egrishakin12@craigslist.org');
INSERT INTO ContactInfo (Phone, Email, SecondaryEmail) VALUES ('297-967-2530', 'mgoodlip13@naver.com', 'nnornasell13@dmoz.org');
INSERT INTO ContactInfo (Phone, Email, SecondaryEmail) VALUES ('976-753-6391', 'hbezley14@csmonitor.com', 'bmarnane14@ucla.edu');
INSERT INTO ContactInfo (Phone, Email, SecondaryEmail) VALUES ('638-719-8301', 'kwithrop15@tinyurl.com', 'npapaminas15@xrea.com');
INSERT INTO ContactInfo (Phone, Email, SecondaryEmail) VALUES ('328-796-0197', 'ndudbridge16@whitehouse.gov', 'schastney16@bizjournals.com');
INSERT INTO ContactInfo (Phone, Email, SecondaryEmail) VALUES ('981-593-8382', 'echrishop17@opera.com', 'cainsley17@vinaora.com');
INSERT INTO ContactInfo (Phone, Email, SecondaryEmail) VALUES ('588-760-2729', 'jyeomans18@purevolume.com', 'lbream18@blogger.com');
INSERT INTO ContactInfo (Phone, Email, SecondaryEmail) VALUES ('506-555-4454', 'oredan19@cbc.ca', 'gcosten19@utexas.edu');
INSERT INTO ContactInfo (Phone, Email, SecondaryEmail) VALUES ('546-897-0751', 'jdemann1a@yellowpages.com', 'cmogford1a@usda.gov');
INSERT INTO ContactInfo (Phone, Email, SecondaryEmail) VALUES ('667-206-0266', 'ktunnock1b@cnet.com', 'vpooley1b@instagram.com');
INSERT INTO ContactInfo (Phone, Email, SecondaryEmail) VALUES ('865-595-1192', 'jswinn1c@networkadvertising.org', 'atomaskov1c@cocolog-nifty.com');
INSERT INTO ContactInfo (Phone, Email, SecondaryEmail) VALUES ('644-403-0155', 'sgerring1d@hubpages.com', 'aduffil1d@sfgate.com');
INSERT INTO ContactInfo (Phone, Email, SecondaryEmail) VALUES ('506-915-5247', 'heppson1e@cargocollective.com', 'cbeamson1e@sakura.ne.jp');
INSERT INTO ContactInfo (Phone, Email, SecondaryEmail) VALUES ('126-437-5913', 'cgulliford1f@macromedia.com', 'groon1f@devhub.com');
INSERT INTO ContactInfo (Phone, Email, SecondaryEmail) VALUES ('587-821-3751', 'rlittlemore1g@imageshack.us', 'cspofforth1g@google.co.jp');
INSERT INTO ContactInfo (Phone, Email, SecondaryEmail) VALUES ('524-422-8988', 'ttillyer1h@phoca.cz', 'pturle1h@earthlink.net');
INSERT INTO ContactInfo (Phone, Email, SecondaryEmail) VALUES ('960-528-4257', 'ahearst1i@mail.ru', 'acardoso1i@springer.com');
INSERT INTO ContactInfo (Phone, Email, SecondaryEmail) VALUES ('365-867-1781', 'cwharton1j@freewebs.com', 'jbleby1j@photobucket.com');
INSERT INTO ContactInfo (Phone, Email, SecondaryEmail) VALUES ('884-626-6366', 'ealster1k@simplemachines.org', 'wshird1k@is.gd');
INSERT INTO ContactInfo (Phone, Email, SecondaryEmail) VALUES ('845-868-1312', 'fbartomeu1l@tamu.edu', 'ccurm1l@booking.com');
INSERT INTO ContactInfo (Phone, Email, SecondaryEmail) VALUES ('907-476-8135', 'mocannan1m@bigcartel.com', 'csylett1m@businesswire.com');
INSERT INTO ContactInfo (Phone, Email, SecondaryEmail) VALUES ('654-688-2529', 'kormston1n@utexas.edu', 'obruntjen1n@dell.com');
INSERT INTO ContactInfo (Phone, Email, SecondaryEmail) VALUES ('842-415-0937', 'gbeames1o@columbia.edu', 'rchriston1o@shareasale.com');
INSERT INTO ContactInfo (Phone, Email, SecondaryEmail) VALUES ('858-783-2750', 'bwhorlow1p@wordpress.org', 'cbianco1p@home.pl');
INSERT INTO ContactInfo (Phone, Email, SecondaryEmail) VALUES ('772-641-2571', 'sshama1q@cpanel.net', 'ncambridge1q@bbb.org');
INSERT INTO ContactInfo (Phone, Email, SecondaryEmail) VALUES ('968-260-1207', 'ggregorio1r@upenn.edu', 'nrampage1r@ca.gov');
INSERT INTO ContactInfo (Phone, Email, SecondaryEmail) VALUES ('342-290-4523', 'cfolland1s@shinystat.com', 'gfarndell1s@e-recht24.de');
INSERT INTO ContactInfo (Phone, Email, SecondaryEmail) VALUES ('633-346-0370', 'clamerton1t@blogger.com', 'doxby1t@printfriendly.com');
INSERT INTO ContactInfo (Phone, Email, SecondaryEmail) VALUES ('580-226-5800', 'hfrossell1u@about.me', 'blhommee1u@ning.com');
INSERT INTO ContactInfo (Phone, Email, SecondaryEmail) VALUES ('836-261-2288', 'ctheunissen1v@nifty.com', 'erubery1v@twitter.com');
INSERT INTO ContactInfo (Phone, Email, SecondaryEmail) VALUES ('947-185-5114', 'greedy1w@storify.com', 'rbartosch1w@nature.com');
INSERT INTO ContactInfo (Phone, Email, SecondaryEmail) VALUES ('844-197-7941', 'folone1x@wikipedia.org', 'bosgodby1x@alexa.com');
INSERT INTO ContactInfo (Phone, Email, SecondaryEmail) VALUES ('295-782-2521', 'jconrath1y@hostgator.com', 'wtrillow1y@europa.eu');
INSERT INTO ContactInfo (Phone, Email, SecondaryEmail) VALUES ('688-195-6884', 'nconnerry1z@nbcnews.com', 'mspendlove1z@mediafire.com');
INSERT INTO ContactInfo (Phone, Email, SecondaryEmail) VALUES ('980-506-5874', 'rgodden20@cnn.com', 'ghanwell20@cocolog-nifty.com');
INSERT INTO ContactInfo (Phone, Email, SecondaryEmail) VALUES ('705-235-0050', 'cmartinson21@simplemachines.org', 'kmordan21@cnbc.com');
INSERT INTO ContactInfo (Phone, Email, SecondaryEmail) VALUES ('665-301-0767', 'mwiggington22@biglobe.ne.jp', 'acanto22@sun.com');
INSERT INTO ContactInfo (Phone, Email, SecondaryEmail) VALUES ('959-808-2051', 'gstannering23@cnbc.com', 'cmorston23@nhs.uk');
INSERT INTO ContactInfo (Phone, Email, SecondaryEmail) VALUES ('276-141-5828', 'achamberlayne24@geocities.com', 'dwiltshier24@homestead.com');
INSERT INTO ContactInfo (Phone, Email, SecondaryEmail) VALUES ('441-662-0539', 'lnevitt25@yahoo.co.jp', 'wballs25@webnode.com');
INSERT INTO ContactInfo (Phone, Email, SecondaryEmail) VALUES ('753-211-9781', 'kkneeland26@ebay.com', 'cduffet26@cnet.com');
INSERT INTO ContactInfo (Phone, Email, SecondaryEmail) VALUES ('170-797-6046', 'mwarmisham27@rediff.com', 'etonner27@example.com');
INSERT INTO ContactInfo (Phone, Email, SecondaryEmail) VALUES ('722-870-7973', 'elawton28@google.pl', 'bvaladez28@businessinsider.com');
INSERT INTO ContactInfo (Phone, Email, SecondaryEmail) VALUES ('429-973-3502', 'tstothard29@lycos.com', 'dseares29@cnbc.com');
INSERT INTO ContactInfo (Phone, Email, SecondaryEmail) VALUES ('136-893-4103', 'agreatbatch2a@vinaora.com', 'dsinfield2a@fda.gov');
INSERT INTO ContactInfo (Phone, Email, SecondaryEmail) VALUES ('678-493-2556', 'lfahey2b@wsj.com', 'jgrishinov2b@weather.com');
INSERT INTO ContactInfo (Phone, Email, SecondaryEmail) VALUES ('620-341-6026', 'ahandsheart2c@plala.or.jp', 'ebonniface2c@ucoz.ru');
INSERT INTO ContactInfo (Phone, Email, SecondaryEmail) VALUES ('912-285-3223', 'stremmil2d@simplemachines.org', 'mpimley2d@devhub.com');
INSERT INTO ContactInfo (Phone, Email, SecondaryEmail) VALUES ('686-526-5576', 'aglassford2e@hp.com', 'rbroomhead2e@google.com.br');
INSERT INTO ContactInfo (Phone, Email, SecondaryEmail) VALUES ('562-719-8272', 'ddahmel2f@opera.com', 'etarren2f@ftc.gov');
INSERT INTO ContactInfo (Phone, Email, SecondaryEmail) VALUES ('483-891-8615', 'tbart2g@amazon.co.uk', 'agodsal2g@1688.com');
INSERT INTO ContactInfo (Phone, Email, SecondaryEmail) VALUES ('324-119-6615', 'czoanetti2h@howstuffworks.com', 'mtellenbroker2h@adobe.com');
INSERT INTO ContactInfo (Phone, Email, SecondaryEmail) VALUES ('634-468-9681', 'aetuck2i@ed.gov', 'ajancy2i@dion.ne.jp');
INSERT INTO ContactInfo (Phone, Email, SecondaryEmail) VALUES ('718-513-9958', 'arowatt2j@tumblr.com', 'rrendall2j@wired.com');
INSERT INTO ContactInfo (Phone, Email, SecondaryEmail) VALUES ('786-838-6416', 'blevene2k@wordpress.org', 'sstubbs2k@mac.com');
INSERT INTO ContactInfo (Phone, Email, SecondaryEmail) VALUES ('888-698-1170', 'blaguerre2l@hud.gov', 'hbiddles2l@yahoo.com');
INSERT INTO ContactInfo (Phone, Email, SecondaryEmail) VALUES ('149-165-0327', 'mbittleson2m@digg.com', 'mwheaton2m@wired.com');
INSERT INTO ContactInfo (Phone, Email, SecondaryEmail) VALUES ('325-315-6135', 'jschrieves2n@globo.com', 'hcoward2n@zdnet.com');
INSERT INTO ContactInfo (Phone, Email, SecondaryEmail) VALUES ('989-690-0802', 'pjeske2o@engadget.com', 'cbegent2o@amazon.com');
INSERT INTO ContactInfo (Phone, Email, SecondaryEmail) VALUES ('259-910-7748', 'cscourgie2p@samsung.com', 'mvicker2p@about.me');
INSERT INTO ContactInfo (Phone, Email, SecondaryEmail) VALUES ('923-543-0594', 'brolfo2q@infoseek.co.jp', 'acrangle2q@ning.com');
INSERT INTO ContactInfo (Phone, Email, SecondaryEmail) VALUES ('566-758-7612', 'dcranny2r@sphinn.com', 'dminnock2r@biblegateway.com');


-- contact Address (100 records)
INSERT INTO [Address] (StreetAddress, Suburb, City, Country, Postcode) VALUES ('23 Red Cloud Court', 'Trailsway', 'Bagumbayan', 'Philippines', '9810');
INSERT INTO [Address] (StreetAddress, Suburb, City, Country, Postcode) VALUES ('30 Moose Avenue', 'Sachtjen', 'Tungawan', 'Philippines', '7018');
INSERT INTO [Address] (StreetAddress, Suburb, City, Country, Postcode) VALUES ('81217 Jay Point', 'Ilene', 'Besançon', 'France', '25045');
INSERT INTO [Address] (StreetAddress, Suburb, City, Country, Postcode) VALUES ('3956 Montana Crossing', 'Graedel', 'Korydallós', 'Greece', null);
INSERT INTO [Address] (StreetAddress, Suburb, City, Country, Postcode) VALUES ('31 Elmside Avenue', 'Sachs', 'Bergen op Zoom', 'Netherlands', '4619');
INSERT INTO [Address] (StreetAddress, Suburb, City, Country, Postcode) VALUES ('742 Arizona Center', 'Shasta', 'Bokino', 'Russia', '393194');
INSERT INTO [Address] (StreetAddress, Suburb, City, Country, Postcode) VALUES ('912 Moose Park', 'Prairieview', 'Caraga', 'Philippines', '3710');
INSERT INTO [Address] (StreetAddress, Suburb, City, Country, Postcode) VALUES ('488 Mockingbird Avenue', 'Anniversary', 'Glazov', 'Russia', '427629');
INSERT INTO [Address] (StreetAddress, Suburb, City, Country, Postcode) VALUES ('417 Warner Plaza', 'Starling', 'Karangori', 'Indonesia', null);
INSERT INTO [Address] (StreetAddress, Suburb, City, Country, Postcode) VALUES ('50 Nelson Plaza', 'Mifflin', 'Sukhinichi', 'Russia', '249275');
INSERT INTO [Address] (StreetAddress, Suburb, City, Country, Postcode) VALUES ('097 Dunning Lane', 'Green Ridge', 'Santa Maria', 'Brazil', '97000-000');
INSERT INTO [Address] (StreetAddress, Suburb, City, Country, Postcode) VALUES ('53668 Prentice Drive', 'Randy', 'Baihe', 'China', null);
INSERT INTO [Address] (StreetAddress, Suburb, City, Country, Postcode) VALUES ('0452 Elka Junction', 'Ridgeview', 'Matão', 'Brazil', '15990-000');
INSERT INTO [Address] (StreetAddress, Suburb, City, Country, Postcode) VALUES ('7603 Vermont Terrace', 'Mccormick', 'Ulset', 'Norway', '5119');
INSERT INTO [Address] (StreetAddress, Suburb, City, Country, Postcode) VALUES ('1408 Luster Drive', 'Ilene', 'Três Pontas', 'Brazil', '37190-000');
INSERT INTO [Address] (StreetAddress, Suburb, City, Country, Postcode) VALUES ('7358 La Follette Junction', 'Pennsylvania', 'Onsala', 'Sweden', '439 24');
INSERT INTO [Address] (StreetAddress, Suburb, City, Country, Postcode) VALUES ('39 Maple Street', 'Onsgard', 'Pegongan', 'Indonesia', '70160');
INSERT INTO [Address] (StreetAddress, Suburb, City, Country, Postcode) VALUES ('1 Tennyson Street', 'Westerfield', 'Solntsevo', 'Russia', '243429');
INSERT INTO [Address] (StreetAddress, Suburb, City, Country, Postcode) VALUES ('6 Memorial Avenue', 'Bowman', 'Balice', 'Poland', '32-083');
INSERT INTO [Address] (StreetAddress, Suburb, City, Country, Postcode) VALUES ('5 Sullivan Alley', 'Lukken', 'Libertad', 'Philippines', '9021');
INSERT INTO [Address] (StreetAddress, Suburb, City, Country, Postcode) VALUES ('3486 Eggendart Lane', 'Service', 'Arrufó', 'Argentina', '6233');
INSERT INTO [Address] (StreetAddress, Suburb, City, Country, Postcode) VALUES ('9294 Duke Crossing', 'Colorado', 'Dodu Dua', 'Indonesia', '70160');
INSERT INTO [Address] (StreetAddress, Suburb, City, Country, Postcode) VALUES ('12772 Iowa Trail', 'Mayer', 'Łopuszno', 'Poland', '26-070');
INSERT INTO [Address] (StreetAddress, Suburb, City, Country, Postcode) VALUES ('380 Loeprich Alley', 'Fulton', 'Pervomaysk', 'Russia', '307350');
INSERT INTO [Address] (StreetAddress, Suburb, City, Country, Postcode) VALUES ('909 Green Junction', 'Hintze', 'Nidek', 'Poland', '43-354');
INSERT INTO [Address] (StreetAddress, Suburb, City, Country, Postcode) VALUES ('9 Meadow Valley Drive', 'Forster', 'Daphu', 'Bhutan', '70160');
INSERT INTO [Address] (StreetAddress, Suburb, City, Country, Postcode) VALUES ('28374 Corry Lane', 'Express', 'Topdac', 'Philippines', '2612');
INSERT INTO [Address] (StreetAddress, Suburb, City, Country, Postcode) VALUES ('68 Goodland Circle', 'Holmberg', 'Iwierzyce', 'Poland', '39-124');
INSERT INTO [Address] (StreetAddress, Suburb, City, Country, Postcode) VALUES ('5683 Cordelia Alley', 'Troy', 'Maddela', 'Philippines', '3404');
INSERT INTO [Address] (StreetAddress, Suburb, City, Country, Postcode) VALUES ('6142 Jay Center', 'Rutledge', 'Auch', 'France', '32004');
INSERT INTO [Address] (StreetAddress, Suburb, City, Country, Postcode) VALUES ('070 La Follette Court', 'Messerschmidt', 'San Francisco', 'Philippines', '8501');
INSERT INTO [Address] (StreetAddress, Suburb, City, Country, Postcode) VALUES ('875 Pennsylvania Road', 'Clarendon', 'Namur', 'Belgium', '5100');
INSERT INTO [Address] (StreetAddress, Suburb, City, Country, Postcode) VALUES ('6 Buena Vista Avenue', 'Schiller', 'Zhongling', 'China', '6233');
INSERT INTO [Address] (StreetAddress, Suburb, City, Country, Postcode) VALUES ('5 Redwing Place', 'Blue Bill Park', 'Kotes', 'Indonesia', '70160');
INSERT INTO [Address] (StreetAddress, Suburb, City, Country, Postcode) VALUES ('52814 Weeping Birch Crossing', 'Kensington', 'Nangerang', 'Indonesia', '8501');
INSERT INTO [Address] (StreetAddress, Suburb, City, Country, Postcode) VALUES ('24529 Gale Terrace', 'Maryland', 'Vischongo', 'Peru', '6233');
INSERT INTO [Address] (StreetAddress, Suburb, City, Country, Postcode) VALUES ('11 Northland Way', 'Pearson', 'Artur Nogueira', 'Brazil', '13160-000');
INSERT INTO [Address] (StreetAddress, Suburb, City, Country, Postcode) VALUES ('307 Quincy Point', 'Basil', 'Pskov', 'Russia', '180559');
INSERT INTO [Address] (StreetAddress, Suburb, City, Country, Postcode) VALUES ('9181 Arizona Point', 'Pine View', 'Devitsa', 'Russia', '397815');
INSERT INTO [Address] (StreetAddress, Suburb, City, Country, Postcode) VALUES ('8374 Troy Drive', 'Sunfield', 'Aqtoghay', 'Kazakhstan', '180559');
INSERT INTO [Address] (StreetAddress, Suburb, City, Country, Postcode) VALUES ('58374 Glendale Junction', 'Loomis', 'Finzes', 'Portugal', '4785-228');
INSERT INTO [Address] (StreetAddress, Suburb, City, Country, Postcode) VALUES ('3778 Vermont Parkway', 'Merchant', 'Ngoc Hon Doc', 'Vietnam', '8501');
INSERT INTO [Address] (StreetAddress, Suburb, City, Country, Postcode) VALUES ('08 Bay Alley', 'Warbler', 'Rinconada', 'Argentina', '4643');
INSERT INTO [Address] (StreetAddress, Suburb, City, Country, Postcode) VALUES ('6 Dexter Junction', 'Hallows', 'Bang Phae', 'Thailand', '70160');
INSERT INTO [Address] (StreetAddress, Suburb, City, Country, Postcode) VALUES ('8196 Carpenter Pass', 'Stang', 'Eqlīd', 'Iran', '180559');
INSERT INTO [Address] (StreetAddress, Suburb, City, Country, Postcode) VALUES ('719 Fair Oaks Park', 'Schiller', 'Duraykīsh', 'Syria', '8501');
INSERT INTO [Address] (StreetAddress, Suburb, City, Country, Postcode) VALUES ('22681 Springs Pass', 'Reindahl', 'Sutukung', 'Gambia', '180559');
INSERT INTO [Address] (StreetAddress, Suburb, City, Country, Postcode) VALUES ('8 Bluejay Plaza', 'Spenser', 'Jambulang', 'Indonesia', '81001');
INSERT INTO [Address] (StreetAddress, Suburb, City, Country, Postcode) VALUES ('12 Beilfuss Street', 'Toban', 'Kiraman', 'Indonesia', '8501');
INSERT INTO [Address] (StreetAddress, Suburb, City, Country, Postcode) VALUES ('0 Delladonna Way', 'Dunning', 'Prado', 'Colombia', '734528');
INSERT INTO [Address] (StreetAddress, Suburb, City, Country, Postcode) VALUES ('179 Emmet Center', '6th', 'Little Rock', 'United States', '72209');
INSERT INTO [Address] (StreetAddress, Suburb, City, Country, Postcode) VALUES ('945 American Ash Park', 'South', 'Shantou', 'China', '81001');
INSERT INTO [Address] (StreetAddress, Suburb, City, Country, Postcode) VALUES ('8563 Cherokee Avenue', 'Dayton', 'Aija', 'Peru', '8501');
INSERT INTO [Address] (StreetAddress, Suburb, City, Country, Postcode) VALUES ('51677 Portage Street', 'Waywood', 'Santo Amaro', 'Portugal', '5155-655');
INSERT INTO [Address] (StreetAddress, Suburb, City, Country, Postcode) VALUES ('0 Canary Plaza', 'Summerview', 'Panganiban', 'Philippines', '4806');
INSERT INTO [Address] (StreetAddress, Suburb, City, Country, Postcode) VALUES ('15 Dunning Center', 'Oak Valley', 'Ferreira do Zêzere', 'Portugal', '2240-340');
INSERT INTO [Address] (StreetAddress, Suburb, City, Country, Postcode) VALUES ('80540 Northwestern Crossing', 'Farmco', 'Xinye', 'China', '180559');
INSERT INTO [Address] (StreetAddress, Suburb, City, Country, Postcode) VALUES ('97 Sullivan Street', 'Westerfield', 'Jūrat ash Sham‘ah', 'Palestinian Territory', '81001');
INSERT INTO [Address] (StreetAddress, Suburb, City, Country, Postcode) VALUES ('93 Killdeer Crossing', 'Ramsey', 'Zhitan', 'China', '81001');
INSERT INTO [Address] (StreetAddress, Suburb, City, Country, Postcode) VALUES ('8 Sunnyside Trail', 'Sunbrook', 'Sandefjord', 'Norway', '3220');
INSERT INTO [Address] (StreetAddress, Suburb, City, Country, Postcode) VALUES ('58 Northport Alley', 'Michigan', 'Barrancas', 'Colombia', '443049');
INSERT INTO [Address] (StreetAddress, Suburb, City, Country, Postcode) VALUES ('3 Old Shore Hill', 'Dottie', 'Dungloe', 'Ireland', 'Y21');
INSERT INTO [Address] (StreetAddress, Suburb, City, Country, Postcode) VALUES ('007 Crownhardt Park', 'Corscot', 'Jinqiao', 'China', '8501');
INSERT INTO [Address] (StreetAddress, Suburb, City, Country, Postcode) VALUES ('4738 Cambridge Junction', 'Harbort', 'Mollas', 'Albania', '180559');
INSERT INTO [Address] (StreetAddress, Suburb, City, Country, Postcode) VALUES ('08201 Cambridge Alley', 'Mendota', 'Zhangjiafan', 'China', '180559');
INSERT INTO [Address] (StreetAddress, Suburb, City, Country, Postcode) VALUES ('3 Carpenter Road', 'Mockingbird', 'Lũng Hồ', 'Vietnam', '180559');
INSERT INTO [Address] (StreetAddress, Suburb, City, Country, Postcode) VALUES ('645 Evergreen Parkway', 'Bonner', 'Öldziyt', 'Mongolia', '81001');
INSERT INTO [Address] (StreetAddress, Suburb, City, Country, Postcode) VALUES ('04306 Lien Trail', 'Crest Line', 'Cipari', 'Indonesia', '180559');
INSERT INTO [Address] (StreetAddress, Suburb, City, Country, Postcode) VALUES ('1503 Carpenter Park', 'Crest Line', 'Galán', 'Colombia', '684058');
INSERT INTO [Address] (StreetAddress, Suburb, City, Country, Postcode) VALUES ('3 Muir Road', 'Bultman', 'Liyuan', 'China', '180559');
INSERT INTO [Address] (StreetAddress, Suburb, City, Country, Postcode) VALUES ('14 Menomonie Alley', 'Armistice', 'Ḩawsh ‘Īsá', 'Egypt', '180559');
INSERT INTO [Address] (StreetAddress, Suburb, City, Country, Postcode) VALUES ('794 Bluejay Point', 'Express', 'Kuršėnai', 'Lithuania', '81001');
INSERT INTO [Address] (StreetAddress, Suburb, City, Country, Postcode) VALUES ('4 Bunker Hill Park', 'Vidon', 'Vřesina', 'Czech Republic', '747 20');
INSERT INTO [Address] (StreetAddress, Suburb, City, Country, Postcode) VALUES ('036 Forest Dale Plaza', 'Pond', 'Cabra Figa', 'Portugal', '2635-121');
INSERT INTO [Address] (StreetAddress, Suburb, City, Country, Postcode) VALUES ('4 Drewry Lane', 'Parkside', 'Tuguan', 'China', '180559');
INSERT INTO [Address] (StreetAddress, Suburb, City, Country, Postcode) VALUES ('9 Elka Center', 'Ridgeview', 'Solţānābād', 'Iran', '2635-121');
INSERT INTO [Address] (StreetAddress, Suburb, City, Country, Postcode) VALUES ('748 3rd Court', 'Loomis', 'Guangshun', 'China', '2635-121');
INSERT INTO [Address] (StreetAddress, Suburb, City, Country, Postcode) VALUES ('453 Westerfield Point', 'Rutledge', 'Talovyy', 'Russia', '346536');
INSERT INTO [Address] (StreetAddress, Suburb, City, Country, Postcode) VALUES ('2 Prairieview Lane', 'Superior', 'Svetlogorsk', 'Russia', '663214');
INSERT INTO [Address] (StreetAddress, Suburb, City, Country, Postcode) VALUES ('6306 Coolidge Junction', 'Hudson', 'Viso', 'Portugal', '4950-070');
INSERT INTO [Address] (StreetAddress, Suburb, City, Country, Postcode) VALUES ('5 Darwin Avenue', 'Oak', 'Jega', 'Nigeria', '180559');
INSERT INTO [Address] (StreetAddress, Suburb, City, Country, Postcode) VALUES ('6 Corscot Drive', 'Hudson', '‘Ibrī', 'Oman', '180559');
INSERT INTO [Address] (StreetAddress, Suburb, City, Country, Postcode) VALUES ('8 Bartillon Lane', 'Bartillon', 'Kuala Lumpur', 'Malaysia', '55100');
INSERT INTO [Address] (StreetAddress, Suburb, City, Country, Postcode) VALUES ('883 Mallard Lane', 'Lukken', 'Tambo', 'Philippines', '1701');
INSERT INTO [Address] (StreetAddress, Suburb, City, Country, Postcode) VALUES ('81392 Bay Circle', 'Derek', 'Jaboatão', 'Brazil', '64795-000');
INSERT INTO [Address] (StreetAddress, Suburb, City, Country, Postcode) VALUES ('69 Milwaukee Street', 'Sauthoff', 'Tsukumiura', 'Japan', '879-2413');
INSERT INTO [Address] (StreetAddress, Suburb, City, Country, Postcode) VALUES ('49 Russell Circle', 'Eggendart', 'Porosozero', 'Russia', '186855');
INSERT INTO [Address] (StreetAddress, Suburb, City, Country, Postcode) VALUES ('70392 Eagle Crest Court', 'Lawn', 'Cervantes', 'Philippines', '2718');
INSERT INTO [Address] (StreetAddress, Suburb, City, Country, Postcode) VALUES ('227 Roth Alley', 'Portage', 'Pavlogradka', 'Russia', '646760');
INSERT INTO [Address] (StreetAddress, Suburb, City, Country, Postcode) VALUES ('03 Evergreen Avenue', 'Pierstorff', 'Huanglin', 'China', '180559');
INSERT INTO [Address] (StreetAddress, Suburb, City, Country, Postcode) VALUES ('86616 Onsgard Circle', '3rd', 'Chavusy', 'Belarus', '2635-121');
INSERT INTO [Address] (StreetAddress, Suburb, City, Country, Postcode) VALUES ('244 Doe Crossing Hill', 'Stephen', 'Nýřany', 'Czech Republic', '330 23');
INSERT INTO [Address] (StreetAddress, Suburb, City, Country, Postcode) VALUES ('20296 Sage Crossing', 'John Wall', 'Erenhot', 'China', '40000');
INSERT INTO [Address] (StreetAddress, Suburb, City, Country, Postcode) VALUES ('9344 Nova Parkway', 'Evergreen', 'Baie-Saint-Paul', 'Canada', 'G3Z');
INSERT INTO [Address] (StreetAddress, Suburb, City, Country, Postcode) VALUES ('9 Loeprich Parkway', 'Montana', 'Owode', 'Nigeria', '180559');
INSERT INTO [Address] (StreetAddress, Suburb, City, Country, Postcode) VALUES ('9 Chinook Court', 'Weeping Birch', 'Pan-an', 'Philippines', '7202');
INSERT INTO [Address] (StreetAddress, Suburb, City, Country, Postcode) VALUES ('15 Sherman Hill', 'Golf View', 'Kebon', 'Indonesia', '40000');
INSERT INTO [Address] (StreetAddress, Suburb, City, Country, Postcode) VALUES ('969 Northfield Road', 'Tennyson', 'Greenland', 'Barbados', '40000');
INSERT INTO [Address] (StreetAddress, Suburb, City, Country, Postcode) VALUES ('9 Russell Drive', 'Cambridge', 'Čakovec', 'Croatia', '40000');
INSERT INTO [Address] (StreetAddress, Suburb, City, Country, Postcode) VALUES ('4018 Thierer Lane', 'Tennessee', 'Xintang', 'China', '40000');
INSERT INTO [Address] (StreetAddress, Suburb, City, Country, Postcode) VALUES ('19 Greenlane Road', 'Trailsway', 'Kebon', 'China', '9810');
INSERT INTO [Address] (StreetAddress, Suburb, City, Country, Postcode) VALUES ('3 Southland Street', 'Cambridge', 'Owode', 'Indonesia', '9810');


-- subscriber (50 records)
INSERT INTO Subscriber (FirstName, LastName, [Password], DoB, AddressID, ContactInfoID) VALUES ('Willi', 'Doubleday', 'Xg1ePI6XuZZ', '2/18/1964', 1, 1);
INSERT INTO Subscriber (FirstName, LastName, [Password], DoB, AddressID, ContactInfoID) VALUES ('Pepillo', 'Drains', 'wIUPLrR9UF', '11/20/1982', 2, 2);
INSERT INTO Subscriber (FirstName, LastName, [Password], DoB, AddressID, ContactInfoID) VALUES ('Krispin', 'Ubsdell', 'wPhWI4uH', '6/2/1996', 3, 3);
INSERT INTO Subscriber (FirstName, LastName, [Password], DoB, AddressID, ContactInfoID) VALUES ('Elyse', 'Ligertwood', 'eg9Rd0je', '8/17/1998', 4, 4);
INSERT INTO Subscriber (FirstName, LastName, [Password], DoB, AddressID, ContactInfoID) VALUES ('Emmie', 'Goligly', 'vmxals3sxvq', '7/21/2003', 5, 5);
INSERT INTO Subscriber (FirstName, LastName, [Password], DoB, AddressID, ContactInfoID) VALUES ('Essa', 'Coch', 'mGamSPkift5r', '2/26/2016', 6, 6);
INSERT INTO Subscriber (FirstName, LastName, [Password], DoB, AddressID, ContactInfoID) VALUES ('Lanny', 'Oke', '9JtZGhPh8JX7', '10/30/1985', 7, 7);
INSERT INTO Subscriber (FirstName, LastName, [Password], DoB, AddressID, ContactInfoID) VALUES ('Malena', 'Ashworth', 'Sk8UR9e6qlPT', '2/3/1994', 8, 8);
INSERT INTO Subscriber (FirstName, LastName, [Password], DoB, AddressID, ContactInfoID) VALUES ('Anthea', 'Dumper', 'SxrPJFlu8', '12/4/1997', 9, 9);
INSERT INTO Subscriber (FirstName, LastName, [Password], DoB, AddressID, ContactInfoID) VALUES ('Cosmo', 'Skule', 'hj6m5YIqyWZ1', '6/24/1994', 10, 10);
INSERT INTO Subscriber (FirstName, LastName, [Password], DoB, AddressID, ContactInfoID) VALUES ('Jess', 'Quarton', 'wXsr6MBeh1Iz', '8/13/1971', 11, 11);
INSERT INTO Subscriber (FirstName, LastName, [Password], DoB, AddressID, ContactInfoID) VALUES ('Ami', 'Peagram', 'DhuEl6', '7/18/2000', 12, 12);
INSERT INTO Subscriber (FirstName, LastName, [Password], DoB, AddressID, ContactInfoID) VALUES ('Albertina', 'Persent', '3RjQA9Cqeg5v', '9/23/1981', 13, 13);
INSERT INTO Subscriber (FirstName, LastName, [Password], DoB, AddressID, ContactInfoID) VALUES ('Melinda', 'Witul', 'FJliAEbQ', '6/4/1995', 14, 14);
INSERT INTO Subscriber (FirstName, LastName, [Password], DoB, AddressID, ContactInfoID) VALUES ('Nicky', 'Lidgate', 'RTN8F6kjY9Xg', '12/25/1976', 15, 15);
INSERT INTO Subscriber (FirstName, LastName, [Password], DoB, AddressID, ContactInfoID) VALUES ('Nehemiah', 'Gregore', 'xVfAygJxT', '11/28/1960', 16, 16);
INSERT INTO Subscriber (FirstName, LastName, [Password], DoB, AddressID, ContactInfoID) VALUES ('Silvano', 'Reyburn', '6zdgrdT', '12/8/1976', 17, 17);
INSERT INTO Subscriber (FirstName, LastName, [Password], DoB, AddressID, ContactInfoID) VALUES ('Alejandrina', 'Croxton', 'IMzruqdqP', '1/31/2014', 18, 18);
INSERT INTO Subscriber (FirstName, LastName, [Password], DoB, AddressID, ContactInfoID) VALUES ('Anthe', 'Dovinson', 'd4jdtYdE7Nva', '7/10/2008', 19, 19);
INSERT INTO Subscriber (FirstName, LastName, [Password], DoB, AddressID, ContactInfoID) VALUES ('Darb', 'Angier', 'yHlKdmrT', '10/14/1993', 20, 20);
INSERT INTO Subscriber (FirstName, LastName, [Password], DoB, AddressID, ContactInfoID) VALUES ('Marten', 'Rendell', 'JdZrI8qFt', '4/17/1982', 21, 21);
INSERT INTO Subscriber (FirstName, LastName, [Password], DoB, AddressID, ContactInfoID) VALUES ('Crichton', 'Mattei', 'QI0AY5UBVF', '1/24/1955', 22, 22);
INSERT INTO Subscriber (FirstName, LastName, [Password], DoB, AddressID, ContactInfoID) VALUES ('Lucita', 'MacDearmaid', 'vfHbD2dJ7x', '6/24/1958', 23, 23);
INSERT INTO Subscriber (FirstName, LastName, [Password], DoB, AddressID, ContactInfoID) VALUES ('Jobyna', 'Gisburn', 'FxlS1h', '8/29/1981', 24, 24);
INSERT INTO Subscriber (FirstName, LastName, [Password], DoB, AddressID, ContactInfoID) VALUES ('Elie', 'McTavy', 'L45fKyB', '11/23/2000', 25, 25);
INSERT INTO Subscriber (FirstName, LastName, [Password], DoB, AddressID, ContactInfoID) VALUES ('Sonnie', 'Cohalan', 'YvGDveaDMEV', '9/11/1987', 26, 26);
INSERT INTO Subscriber (FirstName, LastName, [Password], DoB, AddressID, ContactInfoID) VALUES ('Peggi', 'Zanre', 'RxtzlrfRlOwR', '3/2/1985', 27, 27);
INSERT INTO Subscriber (FirstName, LastName, [Password], DoB, AddressID, ContactInfoID) VALUES ('Weidar', 'Daouse', '4Wg86sBJa5h', '11/8/1983', 28, 28);
INSERT INTO Subscriber (FirstName, LastName, [Password], DoB, AddressID, ContactInfoID) VALUES ('Amabelle', 'Conibere', 'CWFI00Tpmxez', '12/6/2017', 29, 29);
INSERT INTO Subscriber (FirstName, LastName, [Password], DoB, AddressID, ContactInfoID) VALUES ('Tricia', 'Oldroyde', 'M5Mhxc', '6/20/2009', 30, 30);
INSERT INTO Subscriber (FirstName, LastName, [Password], DoB, AddressID, ContactInfoID) VALUES ('Lonni', 'Mahomet', 'DvRSzLOkfrJ', '10/21/2007', 31, 31);
INSERT INTO Subscriber (FirstName, LastName, [Password], DoB, AddressID, ContactInfoID) VALUES ('Brooke', 'Klarzynski', 'wzuN8Kr89FEx', '5/24/2013', 32, 32);
INSERT INTO Subscriber (FirstName, LastName, [Password], DoB, AddressID, ContactInfoID) VALUES ('Warde', 'Bondesen', 'K6WBXno', '10/8/1975', 33, 33);
INSERT INTO Subscriber (FirstName, LastName, [Password], DoB, AddressID, ContactInfoID) VALUES ('Kristel', 'McAlester', 'tfMxhQo14q6', '3/10/1965', 34, 34);
INSERT INTO Subscriber (FirstName, LastName, [Password], DoB, AddressID, ContactInfoID) VALUES ('Harri', 'O''Farrell', '11z6gKlRYF', '10/8/2022', 35, 35);
INSERT INTO Subscriber (FirstName, LastName, [Password], DoB, AddressID, ContactInfoID) VALUES ('Hayyim', 'Lechmere', '6FQqH5XCs9Ma', '2/13/1974', 36, 36);
INSERT INTO Subscriber (FirstName, LastName, [Password], DoB, AddressID, ContactInfoID) VALUES ('Prue', 'Glisane', '22Y8cGIpl', '7/27/1950', 37, 37);
INSERT INTO Subscriber (FirstName, LastName, [Password], DoB, AddressID, ContactInfoID) VALUES ('Pierette', 'Skilton', 'biRkvP5DwD', '9/22/1967', 38, 38);
INSERT INTO Subscriber (FirstName, LastName, [Password], DoB, AddressID, ContactInfoID) VALUES ('Jeralee', 'Koenen', 'DwnH3QT3HmU', '6/5/1998', 39, 39);
INSERT INTO Subscriber (FirstName, LastName, [Password], DoB, AddressID, ContactInfoID) VALUES ('Tully', 'Hansen', 'vWzuX3VfeN', '6/8/1969', 40, 40);
INSERT INTO Subscriber (FirstName, LastName, [Password], DoB, AddressID, ContactInfoID) VALUES ('Bord', 'Holwell', '9yYpmi240t', '6/7/1967', 41, 41);
INSERT INTO Subscriber (FirstName, LastName, [Password], DoB, AddressID, ContactInfoID) VALUES ('Henrieta', 'Faill', 'EHv6I5aP6Aq', '10/10/1992', 42, 42);
INSERT INTO Subscriber (FirstName, LastName, [Password], DoB, AddressID, ContactInfoID) VALUES ('Zondra', 'Arrowsmith', 'sZd17MIv', '1/29/1983', 43, 43);
INSERT INTO Subscriber (FirstName, LastName, [Password], DoB, AddressID, ContactInfoID) VALUES ('Madelene', 'Smaleman', 'Cyw2kgvxLY', '7/20/2020', 44, 44);
INSERT INTO Subscriber (FirstName, LastName, [Password], DoB, AddressID, ContactInfoID) VALUES ('Eziechiele', 'Moodie', 'WzZAis7', '11/30/1981', 45, 45);
INSERT INTO Subscriber (FirstName, LastName, [Password], DoB, AddressID, ContactInfoID) VALUES ('Luisa', 'Georgeon', 'ZzC0UCe', '7/12/1956', 46, 46);
INSERT INTO Subscriber (FirstName, LastName, [Password], DoB, AddressID, ContactInfoID) VALUES ('Kristi', 'Schowenburg', 'dd3Qvc', '10/19/1950', 47, 47);
INSERT INTO Subscriber (FirstName, LastName, [Password], DoB, AddressID, ContactInfoID) VALUES ('Natalina', 'Lubomirski', '234YxqVzS', '3/4/1996', 48, 48);
INSERT INTO Subscriber (FirstName, LastName, [Password], DoB, AddressID, ContactInfoID) VALUES ('Elroy', 'Deguara', '1PhNZ4cb', '8/27/2015', 49, 49);
INSERT INTO Subscriber (FirstName, LastName, [Password], DoB, AddressID, ContactInfoID) VALUES ('Bartolomeo', 'Stower', 'hRf7mEX', '10/17/1973', 50, 50);​


-- employee (30 records)
INSERT INTO Employee (FirstName, LastName, HireDate, AddressID, ContactInfoID) VALUES ('Lonnie', 'Monro', '20230228', 58, 59);
INSERT INTO Employee (FirstName, LastName, HireDate, AddressID, ContactInfoID) VALUES ('Sula', 'Cordeux', '20221107', 67, 74);
INSERT INTO Employee (FirstName, LastName, HireDate, AddressID, ContactInfoID) VALUES ('Aviva', 'Lorrain', '20221207', 80, 52);
INSERT INTO Employee (FirstName, LastName, HireDate, AddressID, ContactInfoID) VALUES ('Gayla', 'Cattermole', '20230417', 53, 71);
INSERT INTO Employee (FirstName, LastName, HireDate, AddressID, ContactInfoID) VALUES ('Caryl', 'Perrone', '20230125', 60, 57);
INSERT INTO Employee (FirstName, LastName, HireDate, AddressID, ContactInfoID) VALUES ('Thadeus', 'Rogier', '20221108', 58, 66);
INSERT INTO Employee (FirstName, LastName, HireDate, AddressID, ContactInfoID) VALUES ('Myrtia', 'Knyvett', '20220719', 67, 70);
INSERT INTO Employee (FirstName, LastName, HireDate, AddressID, ContactInfoID) VALUES ('Windham', 'Baynton', '20220811', 59, 53);
INSERT INTO Employee (FirstName, LastName, HireDate, AddressID, ContactInfoID) VALUES ('Arabel', 'Fritschmann', '20230110', 52, 54);
INSERT INTO Employee (FirstName, LastName, HireDate, AddressID, ContactInfoID) VALUES ('Jaynell', 'Pyser', '20220713', 52, 54);
INSERT INTO Employee (FirstName, LastName, HireDate, AddressID, ContactInfoID) VALUES ('Baily', 'Mintoff', '20230429', 70, 72);
INSERT INTO Employee (FirstName, LastName, HireDate, AddressID, ContactInfoID) VALUES ('Sunny', 'Minguet', '20230122', 66, 64);
INSERT INTO Employee (FirstName, LastName, HireDate, AddressID, ContactInfoID) VALUES ('Washington', 'Halgarth', '20221105', 74, 64);
INSERT INTO Employee (FirstName, LastName, HireDate, AddressID, ContactInfoID) VALUES ('Harmony', 'Muslim', '20221215', 57, 51);
INSERT INTO Employee (FirstName, LastName, HireDate, AddressID, ContactInfoID) VALUES ('Carlota', 'Clear', '20221127', 68, 54);
INSERT INTO Employee (FirstName, LastName, HireDate, AddressID, ContactInfoID) VALUES ('Harrison', 'Fernant', '20221108', 58, 64);
INSERT INTO Employee (FirstName, LastName, HireDate, AddressID, ContactInfoID) VALUES ('Tobye', 'Barby', '20220827', 59, 73);
INSERT INTO Employee (FirstName, LastName, HireDate, AddressID, ContactInfoID) VALUES ('Butch', 'Floodgate', '20230125', 64, 74);
INSERT INTO Employee (FirstName, LastName, HireDate, AddressID, ContactInfoID) VALUES ('Arnuad', 'Patching', '20230502', 62, 64);
INSERT INTO Employee (FirstName, LastName, HireDate, AddressID, ContactInfoID) VALUES ('Ange', 'Dimitru', '20220209', 52, 73);
INSERT INTO Employee (FirstName, LastName, HireDate, AddressID, ContactInfoID) VALUES ('Frederick', 'Padbery', '20220913', 58, 51);
INSERT INTO Employee (FirstName, LastName, HireDate, AddressID, ContactInfoID) VALUES ('Erroll', 'Holhouse', '20230604', 66, 70);
INSERT INTO Employee (FirstName, LastName, HireDate, AddressID, ContactInfoID) VALUES ('Cicily', 'Ashcroft', '20220605', 54, 74);
INSERT INTO Employee (FirstName, LastName, HireDate, AddressID, ContactInfoID) VALUES ('Fletch', 'Whitehead', '20220602', 72, 74);
INSERT INTO Employee (FirstName, LastName, HireDate, AddressID, ContactInfoID) VALUES ('Lettie', 'Stenyng', '20230507', 67, 67);
INSERT INTO Employee (FirstName, LastName, HireDate, AddressID, ContactInfoID) VALUES ('Cleo', 'Grabbam', '20230403', 69, 75);
INSERT INTO Employee (FirstName, LastName, HireDate, AddressID, ContactInfoID) VALUES ('Zoe', 'Kerford', '20230303', 76, 55);
INSERT INTO Employee (FirstName, LastName, HireDate, AddressID, ContactInfoID) VALUES ('Elvyn', 'Revie', '20221101', 62, 64);
INSERT INTO Employee (FirstName, LastName, HireDate, AddressID, ContactInfoID) VALUES ('Dale', 'Bulle', '20220930', 73, 67);
INSERT INTO Employee (FirstName, LastName, HireDate, AddressID, ContactInfoID) VALUES ('Jonell', 'Deery', '20220715', 67, 59);


-- salesperson (20 records)
INSERT INTO Salesperson (EmployeeID, Commission) VALUES (1, 3.04);
INSERT INTO Salesperson (EmployeeID, Commission) VALUES (2, 5.11);
INSERT INTO Salesperson (EmployeeID, Commission) VALUES (3, 3.19);
INSERT INTO Salesperson (EmployeeID, Commission) VALUES (4, 1.58);
INSERT INTO Salesperson (EmployeeID, Commission) VALUES (5, 4.53);
INSERT INTO Salesperson (EmployeeID, Commission) VALUES (6, 1.08);
INSERT INTO Salesperson (EmployeeID, Commission) VALUES (7, 1.42);
INSERT INTO Salesperson (EmployeeID, Commission) VALUES (8, 6.09);
INSERT INTO Salesperson (EmployeeID, Commission) VALUES (9, 2.79);
INSERT INTO Salesperson (EmployeeID, Commission) VALUES (10, 6.73);
INSERT INTO Salesperson (EmployeeID, Commission) VALUES (11, 5.54);
INSERT INTO Salesperson (EmployeeID, Commission) VALUES (12, 1.14);
INSERT INTO Salesperson (EmployeeID, Commission) VALUES (13, 3.07);
INSERT INTO Salesperson (EmployeeID, Commission) VALUES (14, 7.37);
INSERT INTO Salesperson (EmployeeID, Commission) VALUES (15, 2.25);
INSERT INTO Salesperson (EmployeeID, Commission) VALUES (16, 7.28);
INSERT INTO Salesperson (EmployeeID, Commission) VALUES (17, 7.3);
INSERT INTO Salesperson (EmployeeID, Commission) VALUES (18, 7.11);
INSERT INTO Salesperson (EmployeeID, Commission) VALUES (19, 5.7);
INSERT INTO Salesperson (EmployeeID, Commission) VALUES (20, 3.47);


-- administative executive (5 records)
INSERT INTO AdminExecutive (EmployeeID, MaxDiscount) VALUES (21, 3.0);
INSERT INTO AdminExecutive (EmployeeID, MaxDiscount) VALUES (22, 0.5);
INSERT INTO AdminExecutive (EmployeeID, MaxDiscount) VALUES (23, 1.5);
INSERT INTO AdminExecutive (EmployeeID, MaxDiscount) VALUES (24, 2.5);
INSERT INTO AdminExecutive (EmployeeID, MaxDiscount) VALUES (25, 3.0);


-- maintainer (5 records)
INSERT INTO Maintainer (EmployeeID, Qualification) VALUES (26, 'Curabitur at ipsum ac tellus semper interdum. Mauris ullamcorper purus sit amet nulla. Quisque arcu libero, rutrum ac, lobortis vel, dapibus at, diam.');
INSERT INTO Maintainer (EmployeeID, Qualification) VALUES (27, 'Nam ultrices, libero non mattis pulvinar, nulla pede ullamcorper augue, a suscipit nulla elit ac nulla. Sed vel enim sit amet nunc viverra dapibus. Nulla suscipit ligula in lacus.');
INSERT INTO Maintainer (EmployeeID, Qualification) VALUES (28, 'Curabitur gravida nisi at nibh. In hac habitasse platea dictumst. Aliquam augue quam, sollicitudin vitae, consectetuer eget, rutrum at, lorem.');
INSERT INTO Maintainer (EmployeeID, Qualification) VALUES (29, 'Duis aliquam convallis nunc. Proin at turpis a pede posuere nonummy. Integer non velit.');
INSERT INTO Maintainer (EmployeeID, Qualification) VALUES (30, 'Etiam vel augue. Vestibulum rutrum rutrum neque. Aenean auctor gravida sem.');


-- contract (50 records)
INSERT INTO [Contract] (StartDate, EndDate, MonthlyPrice, Discount, SalespersonID, AdminExecutiveID, SubscriberID) VALUES ('20210603', '20250126', 125.44, null, 1, 21, 1);
INSERT INTO [Contract] (StartDate, EndDate, MonthlyPrice, Discount, SalespersonID, AdminExecutiveID, SubscriberID) VALUES ('20220122', '20250101', 145.97, null, 2, 25, 2);
INSERT INTO [Contract] (StartDate, EndDate, MonthlyPrice, Discount, SalespersonID, AdminExecutiveID, SubscriberID) VALUES ('20221228', null, 49.31, null, 3, 22, 3);
INSERT INTO [Contract] (StartDate, EndDate, MonthlyPrice, Discount, SalespersonID, AdminExecutiveID, SubscriberID) VALUES ('20201115', '20230916', 447.56, null, 4, 21, 4);
INSERT INTO [Contract] (StartDate, EndDate, MonthlyPrice, Discount, SalespersonID, AdminExecutiveID, SubscriberID) VALUES ('20210105', '20250729', 293.99, null, 5, 24, 5);
INSERT INTO [Contract] (StartDate, EndDate, MonthlyPrice, Discount, SalespersonID, AdminExecutiveID, SubscriberID) VALUES ('20220606', null, 60.06, null, 6, 23, 6);
INSERT INTO [Contract] (StartDate, EndDate, MonthlyPrice, Discount, SalespersonID, AdminExecutiveID, SubscriberID) VALUES ('20201002', '20241114', 45.99, null, 7, 24, 7);
INSERT INTO [Contract] (StartDate, EndDate, MonthlyPrice, Discount, SalespersonID, AdminExecutiveID, SubscriberID) VALUES ('20230405', null, 35.21, null, 8, 21, 8);
INSERT INTO [Contract] (StartDate, EndDate, MonthlyPrice, Discount, SalespersonID, AdminExecutiveID, SubscriberID) VALUES ('20230522', '20251020', 20.75, null, 9, 22, 9);
INSERT INTO [Contract] (StartDate, EndDate, MonthlyPrice, Discount, SalespersonID, AdminExecutiveID, SubscriberID) VALUES ('20210602', '20240602', 34.04, 2.55, 10, 21, 10);
INSERT INTO [Contract] (StartDate, EndDate, MonthlyPrice, Discount, SalespersonID, AdminExecutiveID, SubscriberID) VALUES ('20201216', '20240823', 94.65, 1.9, 11, 24, 11);
INSERT INTO [Contract] (StartDate, EndDate, MonthlyPrice, Discount, SalespersonID, AdminExecutiveID, SubscriberID) VALUES ('20210829', '20260421', 51.65, null, 12, 25, 12);
INSERT INTO [Contract] (StartDate, EndDate, MonthlyPrice, Discount, SalespersonID, AdminExecutiveID, SubscriberID) VALUES ('20211117', null, 78.15, null, 13, 22, 13);
INSERT INTO [Contract] (StartDate, EndDate, MonthlyPrice, Discount, SalespersonID, AdminExecutiveID, SubscriberID) VALUES ('20221123', '20250327', 100.05, 2.89, 14, 25, 14);
INSERT INTO [Contract] (StartDate, EndDate, MonthlyPrice, Discount, SalespersonID, AdminExecutiveID, SubscriberID) VALUES ('20210105', '20241026', 91.75, null, 15, 23, 15);
INSERT INTO [Contract] (StartDate, EndDate, MonthlyPrice, Discount, SalespersonID, AdminExecutiveID, SubscriberID) VALUES ('20220521', null, 50.09, null, 16, 21, 16);
INSERT INTO [Contract] (StartDate, EndDate, MonthlyPrice, Discount, SalespersonID, AdminExecutiveID, SubscriberID) VALUES ('20210109', '20250922', 83.37, null, 17, 25, 17);
INSERT INTO [Contract] (StartDate, EndDate, MonthlyPrice, Discount, SalespersonID, AdminExecutiveID, SubscriberID) VALUES ('20220520', '20260125', 40.45, null, 18, 21, 18);
INSERT INTO [Contract] (StartDate, EndDate, MonthlyPrice, Discount, SalespersonID, AdminExecutiveID, SubscriberID) VALUES ('20230129', null, 66.69, null, 19, 23, 19);
INSERT INTO [Contract] (StartDate, EndDate, MonthlyPrice, Discount, SalespersonID, AdminExecutiveID, SubscriberID) VALUES ('20220219', '20230607', 73.85, 2.23, 20, 25, 20);
INSERT INTO [Contract] (StartDate, EndDate, MonthlyPrice, Discount, SalespersonID, AdminExecutiveID, SubscriberID) VALUES ('20220323', '20251107', 87.26, 1.32, 1, 21, 21);
INSERT INTO [Contract] (StartDate, EndDate, MonthlyPrice, Discount, SalespersonID, AdminExecutiveID, SubscriberID) VALUES ('20220608', '20241223', 16.05, null, 2, 22, 22);
INSERT INTO [Contract] (StartDate, EndDate, MonthlyPrice, Discount, SalespersonID, AdminExecutiveID, SubscriberID) VALUES ('20200806', null, 34.52, null, 3, 23, 23);
INSERT INTO [Contract] (StartDate, EndDate, MonthlyPrice, Discount, SalespersonID, AdminExecutiveID, SubscriberID) VALUES ('20230428', '20250204', 21.79, 1.87, 4, 24, 24);
INSERT INTO [Contract] (StartDate, EndDate, MonthlyPrice, Discount, SalespersonID, AdminExecutiveID, SubscriberID) VALUES ('20220521', null, 78.33, 1.66, 5, 25, 25);
INSERT INTO [Contract] (StartDate, EndDate, MonthlyPrice, Discount, SalespersonID, AdminExecutiveID, SubscriberID) VALUES ('20230416', '20241019', 44.56, null, 6, 21, 26);
INSERT INTO [Contract] (StartDate, EndDate, MonthlyPrice, Discount, SalespersonID, AdminExecutiveID, SubscriberID) VALUES ('20200712', null, 13.79, null, 17, 25, 7);
INSERT INTO [Contract] (StartDate, EndDate, MonthlyPrice, Discount, SalespersonID, AdminExecutiveID, SubscriberID) VALUES ('20210712', null, 16.47, null, 18, 23, 8);
INSERT INTO [Contract] (StartDate, EndDate, MonthlyPrice, Discount, SalespersonID, AdminExecutiveID, SubscriberID) VALUES ('20200215', '20241123', 39.82, null, 9, 23, 29);
INSERT INTO [Contract] (StartDate, EndDate, MonthlyPrice, Discount, SalespersonID, AdminExecutiveID, SubscriberID) VALUES ('20210723', '20231110', 27.43, null, 10, 21, 30);
INSERT INTO [Contract] (StartDate, EndDate, MonthlyPrice, Discount, SalespersonID, AdminExecutiveID, SubscriberID) VALUES ('20200717', null, 26.41, null, 11, 24, 31);
INSERT INTO [Contract] (StartDate, EndDate, MonthlyPrice, Discount, SalespersonID, AdminExecutiveID, SubscriberID) VALUES ('20210610', '20250411', 13.73, null, 12, 22, 32);
INSERT INTO [Contract] (StartDate, EndDate, MonthlyPrice, Discount, SalespersonID, AdminExecutiveID, SubscriberID) VALUES ('20230305', '20240306', 29.76, null, 13, 23, 33);
INSERT INTO [Contract] (StartDate, EndDate, MonthlyPrice, Discount, SalespersonID, AdminExecutiveID, SubscriberID) VALUES ('20210427', '20230905', 37.79, null, 14, 22, 34);
INSERT INTO [Contract] (StartDate, EndDate, MonthlyPrice, Discount, SalespersonID, AdminExecutiveID, SubscriberID) VALUES ('20210827', null, 12.67, null, 15, 21, 35);
INSERT INTO [Contract] (StartDate, EndDate, MonthlyPrice, Discount, SalespersonID, AdminExecutiveID, SubscriberID) VALUES ('20230316', null, 49.54, null, 16, 24, 36);
INSERT INTO [Contract] (StartDate, EndDate, MonthlyPrice, Discount, SalespersonID, AdminExecutiveID, SubscriberID) VALUES ('20210120', null, 21.83, 2.97, 17, 25, 37);
INSERT INTO [Contract] (StartDate, EndDate, MonthlyPrice, Discount, SalespersonID, AdminExecutiveID, SubscriberID) VALUES ('20201016', '20231019', 52.07, null, 18, 23, 38);
INSERT INTO [Contract] (StartDate, EndDate, MonthlyPrice, Discount, SalespersonID, AdminExecutiveID, SubscriberID) VALUES ('20230303', '20250206', 35.38, null, 19, 22, 22);
INSERT INTO [Contract] (StartDate, EndDate, MonthlyPrice, Discount, SalespersonID, AdminExecutiveID, SubscriberID) VALUES ('20210825', '20241205', 31.09, null, 10, 21, 40);
INSERT INTO [Contract] (StartDate, EndDate, MonthlyPrice, Discount, SalespersonID, AdminExecutiveID, SubscriberID) VALUES ('20210408', '20240705', 10.16, 1.4, 11, 24, 41);
INSERT INTO [Contract] (StartDate, EndDate, MonthlyPrice, Discount, SalespersonID, AdminExecutiveID, SubscriberID) VALUES ('20210607', '20240724', 37.95, null, 12, 21, 42);
INSERT INTO [Contract] (StartDate, EndDate, MonthlyPrice, Discount, SalespersonID, AdminExecutiveID, SubscriberID) VALUES ('20210616', '20231120', 35.55, 2.7, 3, 25, 43);
INSERT INTO [Contract] (StartDate, EndDate, MonthlyPrice, Discount, SalespersonID, AdminExecutiveID, SubscriberID) VALUES ('20201112', null, 25.05, 2.85, 4, 23, 44);
INSERT INTO [Contract] (StartDate, EndDate, MonthlyPrice, Discount, SalespersonID, AdminExecutiveID, SubscriberID) VALUES ('20220902', '20250403', 14.59, null, 15, 24, 45);
INSERT INTO [Contract] (StartDate, EndDate, MonthlyPrice, Discount, SalespersonID, AdminExecutiveID, SubscriberID) VALUES ('20210410', null, 35.81, null, 6, 25, 46);
INSERT INTO [Contract] (StartDate, EndDate, MonthlyPrice, Discount, SalespersonID, AdminExecutiveID, SubscriberID) VALUES ('20230502', '20230903', 29.40, null, 7, 21, 47);
INSERT INTO [Contract] (StartDate, EndDate, MonthlyPrice, Discount, SalespersonID, AdminExecutiveID, SubscriberID) VALUES ('20230221', '20260328', 16.83, null, 18, 22, 48);
INSERT INTO [Contract] (StartDate, EndDate, MonthlyPrice, Discount, SalespersonID, AdminExecutiveID, SubscriberID) VALUES ('20210215', null, 44.42, 1.09, 19, 22, 49);
INSERT INTO [Contract] (StartDate, EndDate, MonthlyPrice, Discount, SalespersonID, AdminExecutiveID, SubscriberID) VALUES ('20230313', '20250129', 39.46, null, 5, 24, 50);


-- sensor (50 records)
INSERT INTO Sensor (Longitude, Latitude, Altitude, [Time], MaintainerID) VALUES (104.9856176, -5.3331186, 4.44, '+08:00', 26);
INSERT INTO Sensor (Longitude, Latitude, Altitude, [Time], MaintainerID) VALUES (-68.1430168, 47.0168309, 8.23, '+02:00', 27);
INSERT INTO Sensor (Longitude, Latitude, Altitude, [Time], MaintainerID) VALUES (96.4370254, 18.4816259, 700.29, '+01:00', 28);
INSERT INTO Sensor (Longitude, Latitude, Altitude, [Time], MaintainerID) VALUES (114.514893, 38.042805, 8.08, '+10:00', 29);
INSERT INTO Sensor (Longitude, Latitude, Altitude, [Time], MaintainerID) VALUES (120.005147, 26.885704, 2.29, '+03:00', 30);
INSERT INTO Sensor (Longitude, Latitude, Altitude, [Time], MaintainerID) VALUES (123.5818992, -10.1585855, 7.59, '+01:00', 26);
INSERT INTO Sensor (Longitude, Latitude, Altitude, [Time], MaintainerID) VALUES (115.636717, 30.83537, 623.12, '-09:00', 27);
INSERT INTO Sensor (Longitude, Latitude, Altitude, [Time], MaintainerID) VALUES (-99.1502962, 23.7318903, 1.26, '-04:00', 28);
INSERT INTO Sensor (Longitude, Latitude, Altitude, [Time], MaintainerID) VALUES (120.222909, 30.350192, 8.34, '-04:00', 29);
INSERT INTO Sensor (Longitude, Latitude, Altitude, [Time], MaintainerID) VALUES (-8.7359804, 38.6968603, 8.04, '-07:00', 26);
INSERT INTO Sensor (Longitude, Latitude, Altitude, [Time], MaintainerID) VALUES (111.9701346, -6.8380623, 8.65, '+06:00', 30);
INSERT INTO Sensor (Longitude, Latitude, Altitude, [Time], MaintainerID) VALUES (21.0119817, 54.4413138, 6322.05, '-09:00', 30);
INSERT INTO Sensor (Longitude, Latitude, Altitude, [Time], MaintainerID) VALUES (-100.9256085, 22.2222241, 9.59, '+01:00', 26);
INSERT INTO Sensor (Longitude, Latitude, Altitude, [Time], MaintainerID) VALUES (18.9221, 69.63186, 7.07, '+02:00', 30);
INSERT INTO Sensor (Longitude, Latitude, Altitude, [Time], MaintainerID) VALUES (108.3652973, -7.1841565, 913.35, '+02:00', 26);
INSERT INTO Sensor (Longitude, Latitude, Altitude, [Time], MaintainerID) VALUES (4.8118909, 8.2458715, 27.76, '-09:00', 28);
INSERT INTO Sensor (Longitude, Latitude, Altitude, [Time], MaintainerID) VALUES (41.1600688, 45.4885295, 7.97, '-04:00', 27);
INSERT INTO Sensor (Longitude, Latitude, Altitude, [Time], MaintainerID) VALUES (47.3706554, -21.9948246, 1.25, '-07:00', 27);
INSERT INTO Sensor (Longitude, Latitude, Altitude, [Time], MaintainerID) VALUES (101.765843, 36.628305, 423.2, '-07:00', 29);
INSERT INTO Sensor (Longitude, Latitude, Altitude, [Time], MaintainerID) VALUES (56.1396282, 55.2160303, 4.67, '+06:00', 26);
INSERT INTO Sensor (Longitude, Latitude, Altitude, [Time], MaintainerID) VALUES (100.270206, 16.8164157, 5.61, '-09:00', 28);
INSERT INTO Sensor (Longitude, Latitude, Altitude, [Time], MaintainerID) VALUES (-66.05, 18.4, 7.46, '+10:00', 30);
INSERT INTO Sensor (Longitude, Latitude, Altitude, [Time], MaintainerID) VALUES (116.391507, 37.627661, 4.55, '+08:00', 29);
INSERT INTO Sensor (Longitude, Latitude, Altitude, [Time], MaintainerID) VALUES (120.92585, 30.830898, 7.91, '+02:00', 27);
INSERT INTO Sensor (Longitude, Latitude, Altitude, [Time], MaintainerID) VALUES (-105.46788, 51.66677, 12.92, '+03:00', 26);
INSERT INTO Sensor (Longitude, Latitude, Altitude, [Time], MaintainerID) VALUES (124.5029869, -8.2206994, 7.34, '+01:00', 30);
INSERT INTO Sensor (Longitude, Latitude, Altitude, [Time], MaintainerID) VALUES (-86.9173327, 15.7193344, 812.13, '+08:00', 28);
INSERT INTO Sensor (Longitude, Latitude, Altitude, [Time], MaintainerID) VALUES (-40.9384914, -20.8250212, 7.99, '-09:00', 30);
INSERT INTO Sensor (Longitude, Latitude, Altitude, [Time], MaintainerID) VALUES (120.5285929, 32.3622982, 3.52, '+10:00', 29);
INSERT INTO Sensor (Longitude, Latitude, Altitude, [Time], MaintainerID) VALUES (-72.1386513, 19.1765583, 248.09, '+06:00', 27);
INSERT INTO Sensor (Longitude, Latitude, Altitude, [Time], MaintainerID) VALUES (-8.0102678, 37.7779611, 6.15, '-05:00', 28);
INSERT INTO Sensor (Longitude, Latitude, Altitude, [Time], MaintainerID) VALUES (-85.1790404, 35.0863004, 9.1, '-09:00', 30);
INSERT INTO Sensor (Longitude, Latitude, Altitude, [Time], MaintainerID) VALUES (-62.7533321, 17.380558, 23.35, '-04:00', 26);
INSERT INTO Sensor (Longitude, Latitude, Altitude, [Time], MaintainerID) VALUES (121.0233632, 14.5679608, 6.82, '+02:00', 30);
INSERT INTO Sensor (Longitude, Latitude, Altitude, [Time], MaintainerID) VALUES (121.614682, 38.914003, 3244.43, '+08:00', 28);
INSERT INTO Sensor (Longitude, Latitude, Altitude, [Time], MaintainerID) VALUES (17.0082511, 60.6430311, 5.65, '+08:00', 28);
INSERT INTO Sensor (Longitude, Latitude, Altitude, [Time], MaintainerID) VALUES (-83.5238412, 8.9564245, 921.15, '-09:00', 30);
INSERT INTO Sensor (Longitude, Latitude, Altitude, [Time], MaintainerID) VALUES (119.751715, 34.509325, 3.84, '-07:00', 29);
INSERT INTO Sensor (Longitude, Latitude, Altitude, [Time], MaintainerID) VALUES (32.2912714, 46.1236303, 7.19, '-05:00', 26);
INSERT INTO Sensor (Longitude, Latitude, Altitude, [Time], MaintainerID) VALUES (105.6984455, -5.7577862, 9.5, '-09:00', 29);
INSERT INTO Sensor (Longitude, Latitude, Altitude, [Time], MaintainerID) VALUES (110.5806783, -6.9774659, 3.6, '+01:00', 30);
INSERT INTO Sensor (Longitude, Latitude, Altitude, [Time], MaintainerID) VALUES (10.2212404, 59.1536477, 1321.9, '+01:00', 26);
INSERT INTO Sensor (Longitude, Latitude, Altitude, [Time], MaintainerID) VALUES (16.5148115, 50.4119089, 3.44, '+03:00', 27);
INSERT INTO Sensor (Longitude, Latitude, Altitude, [Time], MaintainerID) VALUES (35.0980514, 33.0085361, 423.52, '-05:00', 28);
INSERT INTO Sensor (Longitude, Latitude, Altitude, [Time], MaintainerID) VALUES (126.534967, 45.803775, 3.25, '+10:00', 30);
INSERT INTO Sensor (Longitude, Latitude, Altitude, [Time], MaintainerID) VALUES (110.73404, 29.673196, 232.75, '+02:00', 28);
INSERT INTO Sensor (Longitude, Latitude, Altitude, [Time], MaintainerID) VALUES (108.1665855, 15.6848385, 6.76, '-04:00', 30);
INSERT INTO Sensor (Longitude, Latitude, Altitude, [Time], MaintainerID) VALUES (-39.0300323, -16.2768187, 2.97, '-05:00', 27);
INSERT INTO Sensor (Longitude, Latitude, Altitude, [Time], MaintainerID) VALUES (21.2406149, 50.0672776, 231.11, '+08:00', 30);
INSERT INTO Sensor (Longitude, Latitude, Altitude, [Time], MaintainerID) VALUES (21.4472756, 42.0592298, 5.71, '+08:00', 26);


-- sensor subscription (40 records)
INSERT INTO SensorSubscription (ContractNo, SensorID) VALUES (1, 32);
INSERT INTO SensorSubscription (ContractNo, SensorID) VALUES (2, 30);
INSERT INTO SensorSubscription (ContractNo, SensorID) VALUES (3, 37);
INSERT INTO SensorSubscription (ContractNo, SensorID) VALUES (4, 1);
INSERT INTO SensorSubscription (ContractNo, SensorID) VALUES (5, 35);
INSERT INTO SensorSubscription (ContractNo, SensorID) VALUES (6, 11);
INSERT INTO SensorSubscription (ContractNo, SensorID) VALUES (7, 23);
INSERT INTO SensorSubscription (ContractNo, SensorID) VALUES (8, 12);
INSERT INTO SensorSubscription (ContractNo, SensorID) VALUES (9, 47);
INSERT INTO SensorSubscription (ContractNo, SensorID) VALUES (10, 8);
INSERT INTO SensorSubscription (ContractNo, SensorID) VALUES (11, 23);
INSERT INTO SensorSubscription (ContractNo, SensorID) VALUES (12, 46);
INSERT INTO SensorSubscription (ContractNo, SensorID) VALUES (13, 32);
INSERT INTO SensorSubscription (ContractNo, SensorID) VALUES (14, 39);
INSERT INTO SensorSubscription (ContractNo, SensorID) VALUES (15, 22);
INSERT INTO SensorSubscription (ContractNo, SensorID) VALUES (16, 22);
INSERT INTO SensorSubscription (ContractNo, SensorID) VALUES (17, 42);
INSERT INTO SensorSubscription (ContractNo, SensorID) VALUES (18, 48);
INSERT INTO SensorSubscription (ContractNo, SensorID) VALUES (19, 18);
INSERT INTO SensorSubscription (ContractNo, SensorID) VALUES (20, 24);
INSERT INTO SensorSubscription (ContractNo, SensorID) VALUES (21, 32);
INSERT INTO SensorSubscription (ContractNo, SensorID) VALUES (22, 46);
INSERT INTO SensorSubscription (ContractNo, SensorID) VALUES (23, 29);
INSERT INTO SensorSubscription (ContractNo, SensorID) VALUES (24, 46);
INSERT INTO SensorSubscription (ContractNo, SensorID) VALUES (25, 11);
INSERT INTO SensorSubscription (ContractNo, SensorID) VALUES (26, 27);
INSERT INTO SensorSubscription (ContractNo, SensorID) VALUES (27, 22);
INSERT INTO SensorSubscription (ContractNo, SensorID) VALUES (28, 36);
INSERT INTO SensorSubscription (ContractNo, SensorID) VALUES (29, 39);
INSERT INTO SensorSubscription (ContractNo, SensorID) VALUES (30, 32);
INSERT INTO SensorSubscription (ContractNo, SensorID) VALUES (31, 26);
INSERT INTO SensorSubscription (ContractNo, SensorID) VALUES (32, 31);
INSERT INTO SensorSubscription (ContractNo, SensorID) VALUES (33, 17);
INSERT INTO SensorSubscription (ContractNo, SensorID) VALUES (34, 1);
INSERT INTO SensorSubscription (ContractNo, SensorID) VALUES (35, 34);
INSERT INTO SensorSubscription (ContractNo, SensorID) VALUES (36, 20);
INSERT INTO SensorSubscription (ContractNo, SensorID) VALUES (37, 26);
INSERT INTO SensorSubscription (ContractNo, SensorID) VALUES (38, 19);
INSERT INTO SensorSubscription (ContractNo, SensorID) VALUES (39, 28);
INSERT INTO SensorSubscription (ContractNo, SensorID) VALUES (40, 50);


-- standard subscription (30 records)
INSERT INTO StandardSubscription (ContractNo) VALUES (1);
INSERT INTO StandardSubscription (ContractNo) VALUES (2);
INSERT INTO StandardSubscription (ContractNo) VALUES (3);
INSERT INTO StandardSubscription (ContractNo) VALUES (4);
INSERT INTO StandardSubscription (ContractNo) VALUES (5);
INSERT INTO StandardSubscription (ContractNo) VALUES (6);
INSERT INTO StandardSubscription (ContractNo) VALUES (7);
INSERT INTO StandardSubscription (ContractNo) VALUES (8);
INSERT INTO StandardSubscription (ContractNo) VALUES (9);
INSERT INTO StandardSubscription (ContractNo) VALUES (10);
INSERT INTO StandardSubscription (ContractNo) VALUES (11);
INSERT INTO StandardSubscription (ContractNo) VALUES (12);
INSERT INTO StandardSubscription (ContractNo) VALUES (13);
INSERT INTO StandardSubscription (ContractNo) VALUES (14);
INSERT INTO StandardSubscription (ContractNo) VALUES (15);
INSERT INTO StandardSubscription (ContractNo) VALUES (16);
INSERT INTO StandardSubscription (ContractNo) VALUES (17);
INSERT INTO StandardSubscription (ContractNo) VALUES (18);
INSERT INTO StandardSubscription (ContractNo) VALUES (19);
INSERT INTO StandardSubscription (ContractNo) VALUES (20);
INSERT INTO StandardSubscription (ContractNo) VALUES (21);
INSERT INTO StandardSubscription (ContractNo) VALUES (22);
INSERT INTO StandardSubscription (ContractNo) VALUES (23);
INSERT INTO StandardSubscription (ContractNo) VALUES (24);
INSERT INTO StandardSubscription (ContractNo) VALUES (25);
INSERT INTO StandardSubscription (ContractNo) VALUES (26);
INSERT INTO StandardSubscription (ContractNo) VALUES (27);
INSERT INTO StandardSubscription (ContractNo) VALUES (28);
INSERT INTO StandardSubscription (ContractNo) VALUES (29);
INSERT INTO StandardSubscription (ContractNo) VALUES (30);


-- gold subscription (10 records)
INSERT INTO GoldSubscription (ContractNo) VALUES (31);
INSERT INTO GoldSubscription (ContractNo) VALUES (32);
INSERT INTO GoldSubscription (ContractNo) VALUES (33);
INSERT INTO GoldSubscription (ContractNo) VALUES (34);
INSERT INTO GoldSubscription (ContractNo) VALUES (35);
INSERT INTO GoldSubscription (ContractNo) VALUES (36);
INSERT INTO GoldSubscription (ContractNo) VALUES (37);
INSERT INTO GoldSubscription (ContractNo) VALUES (38);
INSERT INTO GoldSubscription (ContractNo) VALUES (39);
INSERT INTO GoldSubscription (ContractNo) VALUES (40);


-- zone contract (10 records)
INSERT INTO ZoneContract (ContractNo) VALUES (41);
INSERT INTO ZoneContract (ContractNo) VALUES (42);
INSERT INTO ZoneContract (ContractNo) VALUES (43);
INSERT INTO ZoneContract (ContractNo) VALUES (44);
INSERT INTO ZoneContract (ContractNo) VALUES (45);
INSERT INTO ZoneContract (ContractNo) VALUES (46);
INSERT INTO ZoneContract (ContractNo) VALUES (47);
INSERT INTO ZoneContract (ContractNo) VALUES (48);
INSERT INTO ZoneContract (ContractNo) VALUES (49);
INSERT INTO ZoneContract (ContractNo) VALUES (50);


-- platinum contract (5 records)
INSERT INTO PlatinumContract (ContractNo) VALUES (41);
INSERT INTO PlatinumContract (ContractNo) VALUES (42);
INSERT INTO PlatinumContract (ContractNo) VALUES (43);
INSERT INTO PlatinumContract (ContractNo) VALUES (44);
INSERT INTO PlatinumContract (ContractNo) VALUES (45);


-- super platinum contract (5 records)
INSERT INTO SuperPlatinumContract (ContractNo) VALUES (46);
INSERT INTO SuperPlatinumContract (ContractNo) VALUES (47);
INSERT INTO SuperPlatinumContract (ContractNo) VALUES (48);
INSERT INTO SuperPlatinumContract (ContractNo) VALUES (49);
INSERT INTO SuperPlatinumContract (ContractNo) VALUES (50);


-- video (50 records)
INSERT INTO Video (VideoFeed, ZoneAudio, SPContractNo, SensorID) VALUES (11110000111100001111, 11111111000000001111, 46, 15);
INSERT INTO Video (VideoFeed, ZoneAudio, SPContractNo, SensorID) VALUES (11011001100110101110, 00110011001100110011, 50, 28);
INSERT INTO Video (VideoFeed, ZoneAudio, SPContractNo, SensorID) VALUES (11100011110000110011, 01100110011001100110, 50, 1);
INSERT INTO Video (VideoFeed, ZoneAudio, SPContractNo, SensorID) VALUES (10011001100110011001, 11111111000000001111, 50, 47);
INSERT INTO Video (VideoFeed, ZoneAudio, SPContractNo, SensorID) VALUES (10011001100110011001, 00000000111111110000, 49, 47);
INSERT INTO Video (VideoFeed, ZoneAudio, SPContractNo, SensorID) VALUES (01100110011001100110, 11100011100011100011, 48, 17);
INSERT INTO Video (VideoFeed, ZoneAudio, SPContractNo, SensorID) VALUES (00111100001111000011, 11111111000000001111, 49, 38);
INSERT INTO Video (VideoFeed, ZoneAudio, SPContractNo, SensorID) VALUES (11110000111100001111, 11001100110011001100, 49, 43);
INSERT INTO Video (VideoFeed, ZoneAudio, SPContractNo, SensorID) VALUES (11011001100110101110, 10001000100010001000, 47, 44);
INSERT INTO Video (VideoFeed, ZoneAudio, SPContractNo, SensorID) VALUES (00000000111111111111, 10101010101010101010, 47, 40);
INSERT INTO Video (VideoFeed, ZoneAudio, SPContractNo, SensorID) VALUES (00110011001100111100, 01100110011001100110, 46, 14);
INSERT INTO Video (VideoFeed, ZoneAudio, SPContractNo, SensorID) VALUES (00110011001100111100, 00000000111111110000, 50, 15);
INSERT INTO Video (VideoFeed, ZoneAudio, SPContractNo, SensorID) VALUES (00111100001111000011, 01010101010101010101, 47, 46);
INSERT INTO Video (VideoFeed, ZoneAudio, SPContractNo, SensorID) VALUES (11111111000000000000, 00011100011100011100, 47, 18);
INSERT INTO Video (VideoFeed, ZoneAudio, SPContractNo, SensorID) VALUES (00001111000011110000, 01100110011001100110, 47, 50);
INSERT INTO Video (VideoFeed, ZoneAudio, SPContractNo, SensorID) VALUES (00000000000000001111, 11100011100011100011, 48, 11);
INSERT INTO Video (VideoFeed, ZoneAudio, SPContractNo, SensorID) VALUES (01100110011001100110, 00110011001100110011, 46, 42);
INSERT INTO Video (VideoFeed, ZoneAudio, SPContractNo, SensorID) VALUES (10101010101010100000, 00110011001100110011, 49, 32);
INSERT INTO Video (VideoFeed, ZoneAudio, SPContractNo, SensorID) VALUES (00111100001111000011, 11001100110011001100, 50, 21);
INSERT INTO Video (VideoFeed, ZoneAudio, SPContractNo, SensorID) VALUES (01010101010101010000, 10101010101010101010, 49, 48);
INSERT INTO Video (VideoFeed, ZoneAudio, SPContractNo, SensorID) VALUES (11011001100110101110, 11100011100011100011, 47, 1);
INSERT INTO Video (VideoFeed, ZoneAudio, SPContractNo, SensorID) VALUES (10011001100110011001, 10101010101010101010, 47, 41);
INSERT INTO Video (VideoFeed, ZoneAudio, SPContractNo, SensorID) VALUES (10011001100110011001, 11001100110011001100, 46, 23);
INSERT INTO Video (VideoFeed, ZoneAudio, SPContractNo, SensorID) VALUES (01010101010101010101, 01010101010101010101, 49, 39);
INSERT INTO Video (VideoFeed, ZoneAudio, SPContractNo, SensorID) VALUES (01010101010101010000, 11111111000000001111, 46, 2);
INSERT INTO Video (VideoFeed, ZoneAudio, SPContractNo, SensorID) VALUES (10101010101010101010, 00011100011100011100, 49, 25);
INSERT INTO Video (VideoFeed, ZoneAudio, SPContractNo, SensorID) VALUES (11100011110000110011, 10101010101010101010, 49, 40);
INSERT INTO Video (VideoFeed, ZoneAudio, SPContractNo, SensorID) VALUES (11100011110000110011, 11111111000000001111, 47, 6);
INSERT INTO Video (VideoFeed, ZoneAudio, SPContractNo, SensorID) VALUES (00110011001100111100, 11100011100011100011, 50, 25);
INSERT INTO Video (VideoFeed, ZoneAudio, SPContractNo, SensorID) VALUES (00110011001100111100, 01010101010101010101, 48, 39);
INSERT INTO Video (VideoFeed, ZoneAudio, SPContractNo, SensorID) VALUES (11110000111100001111, 10001000100010001000, 49, 39);
INSERT INTO Video (VideoFeed, ZoneAudio, SPContractNo, SensorID) VALUES (11111111000000000000, 00110011001100110011, 50, 35);
INSERT INTO Video (VideoFeed, ZoneAudio, SPContractNo, SensorID) VALUES (01010101010101010000, 00000000111111110000, 49, 15);
INSERT INTO Video (VideoFeed, ZoneAudio, SPContractNo, SensorID) VALUES (11110000111100001111, 00000000111111110000, 46, 50);
INSERT INTO Video (VideoFeed, ZoneAudio, SPContractNo, SensorID) VALUES (10101010101010101010, 00110011001100110011, 47, 13);
INSERT INTO Video (VideoFeed, ZoneAudio, SPContractNo, SensorID) VALUES (00000000000000001111, 10101010101010101010, 46, 20);
INSERT INTO Video (VideoFeed, ZoneAudio, SPContractNo, SensorID) VALUES (01010101010101010101, 00011100011100011100, 49, 15);
INSERT INTO Video (VideoFeed, ZoneAudio, SPContractNo, SensorID) VALUES (10101010101010101010, 10101010101010101010, 50, 23);
INSERT INTO Video (VideoFeed, ZoneAudio, SPContractNo, SensorID) VALUES (01100110011001100110, 01100110011001100110, 48, 34);
INSERT INTO Video (VideoFeed, ZoneAudio, SPContractNo, SensorID) VALUES (00000000111111111111, 11001100110011001100, 50, 3);
INSERT INTO Video (VideoFeed, ZoneAudio, SPContractNo, SensorID) VALUES (11100011110000110011, 11111111000000001111, 50, 50);
INSERT INTO Video (VideoFeed, ZoneAudio, SPContractNo, SensorID) VALUES (10101011100110011001, 01010101010101010101, 49, 25);
INSERT INTO Video (VideoFeed, ZoneAudio, SPContractNo, SensorID) VALUES (01010101010101010101, 00110011001100110011, 47, 14);
INSERT INTO Video (VideoFeed, ZoneAudio, SPContractNo, SensorID) VALUES (00000000111111111111, 00110011001100110011, 49, 48);
INSERT INTO Video (VideoFeed, ZoneAudio, SPContractNo, SensorID) VALUES (11111111000000000000, 10001000100010001000, 50, 1);
INSERT INTO Video (VideoFeed, ZoneAudio, SPContractNo, SensorID) VALUES (11111111000000000000, 11001100110011001100, 50, 37);
INSERT INTO Video (VideoFeed, ZoneAudio, SPContractNo, SensorID) VALUES (00000000111111111111, 10101010101010101010, 47, 42);
INSERT INTO Video (VideoFeed, ZoneAudio, SPContractNo, SensorID) VALUES (00001111000011110000, 11001100110011001100, 48, 10);
INSERT INTO Video (VideoFeed, ZoneAudio, SPContractNo, SensorID) VALUES (10101011100110011001, 00011100011100011100, 48, 46);
INSERT INTO Video (VideoFeed, ZoneAudio, SPContractNo, SensorID) VALUES (01100110011001100110, 00000000111111110000, 49, 3);


-- data (50 records)
INSERT INTO [Data] (SharedAudio, HumanVoice, BodyShape, SkeletalPoints, Texture, [DateTime], Longitude, Latitude, Altitude, PContractNo, SensorID) VALUES (00000000111111111111, 00110011001100110011, 00000000111111110000, 11001100110011001100, 00000000111111110000, '2020-07-27 08:30:14', 121.0380826, 14.651459, 3023, 44, 11);
INSERT INTO [Data] (SharedAudio, HumanVoice, BodyShape, SkeletalPoints, Texture, [DateTime], Longitude, Latitude, Altitude, PContractNo, SensorID) VALUES (11111111000000001111, 00000000111111110000, 11100011100011100011, 01100110011001100110, 01100110011001100110, '2022-10-22 09:16:51', 45.614, 55.3979, 2414, 41, 15);
INSERT INTO [Data] (SharedAudio, HumanVoice, BodyShape, SkeletalPoints, Texture, [DateTime], Longitude, Latitude, Altitude, PContractNo, SensorID) VALUES (00000000000000001111, 01010101010101010101, 10001000100010001000, 00000000111111110000, 11100011100011100011, '2022-11-19 11:35:41', 13.6889288, 49.0648694, 511, 41, 12);
INSERT INTO [Data] (SharedAudio, HumanVoice, BodyShape, SkeletalPoints, Texture, [DateTime], Longitude, Latitude, Altitude, PContractNo, SensorID) VALUES (01010101010101010101, 01010101010101010101, 00011100011100011100, 01100110011001100110, 00000000111111110000, '2022-04-12 03:07:14', 85.797215, 54.3880144, 1054, 42, 9);
INSERT INTO [Data] (SharedAudio, HumanVoice, BodyShape, SkeletalPoints, Texture, [DateTime], Longitude, Latitude, Altitude, PContractNo, SensorID) VALUES (00001111000011110000, 11100011100011100011, 10001000100010001000, 01100110011001100110, 10101010101010101010, '2021-08-16 07:24:00', 121.009708, 32.117935, 1274, 41, 25);
INSERT INTO [Data] (SharedAudio, HumanVoice, BodyShape, SkeletalPoints, Texture, [DateTime], Longitude, Latitude, Altitude, PContractNo, SensorID) VALUES (01010101010101010101, 10101010101010101010, 01010101010101010101, 00011100011100011100, 11001100110011001100, '2022-07-30 18:41:37', 111.4782661, -6.944465, 1319, 43, 6);
INSERT INTO [Data] (SharedAudio, HumanVoice, BodyShape, SkeletalPoints, Texture, [DateTime], Longitude, Latitude, Altitude, PContractNo, SensorID) VALUES (00000000111111111111, 01100110011001100110, 11001100110011001100, 01010101010101010101, 11001100110011001100, '2020-11-19 00:18:34', 125.0265256, -9.4954726, 1084, 45, 21);
INSERT INTO [Data] (SharedAudio, HumanVoice, BodyShape, SkeletalPoints, Texture, [DateTime], Longitude, Latitude, Altitude, PContractNo, SensorID) VALUES (01010101010101010101, 00000000111111110000, 11111111000000001111, 00011100011100011100, 01010101010101010101, '2020-06-30 11:07:04', -9.1024092, 38.7760203, 2193, 43, 6);
INSERT INTO [Data] (SharedAudio, HumanVoice, BodyShape, SkeletalPoints, Texture, [DateTime], Longitude, Latitude, Altitude, PContractNo, SensorID) VALUES (11111111000000001111, 01010101010101010101, 01100110011001100110, 00110011001100110011, 00000000111111110000, '2022-08-16 00:15:48', 118.887477, -2.6778303, 1561, 45, 12);
INSERT INTO [Data] (SharedAudio, HumanVoice, BodyShape, SkeletalPoints, Texture, [DateTime], Longitude, Latitude, Altitude, PContractNo, SensorID) VALUES (00110011001100111100, 11001100110011001100, 10101010101010101010, 11001100110011001100, 01010101010101010101, '2021-11-26 05:21:21', 45.3923, 13.81436, 2710, 44, 30);
INSERT INTO [Data] (SharedAudio, HumanVoice, BodyShape, SkeletalPoints, Texture, [DateTime], Longitude, Latitude, Altitude, PContractNo, SensorID) VALUES (11111111111111110000, 11100011100011100011, 01100110011001100110, 00011100011100011100, 00011100011100011100, '2022-07-17 04:19:19', -74.8672519, 7.48688, 3227, 43, 27);
INSERT INTO [Data] (SharedAudio, HumanVoice, BodyShape, SkeletalPoints, Texture, [DateTime], Longitude, Latitude, Altitude, PContractNo, SensorID) VALUES (11000011110000111100, 00110011001100110011, 11001100110011001100, 00011100011100011100, 00110011001100110011, '2021-09-29 07:57:42', 96.9638624, 3.9990545, 2909, 45, 35);
INSERT INTO [Data] (SharedAudio, HumanVoice, BodyShape, SkeletalPoints, Texture, [DateTime], Longitude, Latitude, Altitude, PContractNo, SensorID) VALUES (00000000000000001111, 00110011001100110011, 11111111000000001111, 10101010101010101010, 11111111000000001111, '2022-11-28 06:57:24', 121.4737021, 31.2303904, 2070, 44, 48);
INSERT INTO [Data] (SharedAudio, HumanVoice, BodyShape, SkeletalPoints, Texture, [DateTime], Longitude, Latitude, Altitude, PContractNo, SensorID) VALUES (10011001100110011001, 11001100110011001100, 10101010101010101010, 11100011100011100011, 00000000111111110000, '2022-07-31 13:20:35', 14.040054, 61.228665, 561, 44, 22);
INSERT INTO [Data] (SharedAudio, HumanVoice, BodyShape, SkeletalPoints, Texture, [DateTime], Longitude, Latitude, Altitude, PContractNo, SensorID) VALUES (11100011110000110011, 00110011001100110011, 10001000100010001000, 00011100011100011100, 00000000111111110000, '2020-07-23 08:34:59', 100.7323332, 14.6199611, 55, 42, 30);
INSERT INTO [Data] (SharedAudio, HumanVoice, BodyShape, SkeletalPoints, Texture, [DateTime], Longitude, Latitude, Altitude, PContractNo, SensorID) VALUES (00111100001111000011, 10101010101010101010, 10101010101010101010, 11001100110011001100, 01010101010101010101, '2022-04-15 18:56:52', 119.79417, 4.89111, 2984, 45, 43);
INSERT INTO [Data] (SharedAudio, HumanVoice, BodyShape, SkeletalPoints, Texture, [DateTime], Longitude, Latitude, Altitude, PContractNo, SensorID) VALUES (00111100001111000011, 01010101010101010101, 11100011100011100011, 01100110011001100110, 11001100110011001100, '2021-04-24 08:34:57', 137.2123102, 36.6728694, 2281, 41, 28);
INSERT INTO [Data] (SharedAudio, HumanVoice, BodyShape, SkeletalPoints, Texture, [DateTime], Longitude, Latitude, Altitude, PContractNo, SensorID) VALUES (10101011100110011001, 01100110011001100110, 00000000111111110000, 01010101010101010101, 01010101010101010101, '2023-01-07 19:03:00', 104.649387, 23.405908, 2382, 41, 32);
INSERT INTO [Data] (SharedAudio, HumanVoice, BodyShape, SkeletalPoints, Texture, [DateTime], Longitude, Latitude, Altitude, PContractNo, SensorID) VALUES (00111100001111000011, 11001100110011001100, 10101010101010101010, 01100110011001100110, 10101010101010101010, '2020-11-20 14:04:32', 15.6119301, -0.004491, 3351, 42, 4);
INSERT INTO [Data] (SharedAudio, HumanVoice, BodyShape, SkeletalPoints, Texture, [DateTime], Longitude, Latitude, Altitude, PContractNo, SensorID) VALUES (11000011110000111100, 10101010101010101010, 10101010101010101010, 00000000111111110000, 00110011001100110011, '2021-05-07 20:29:43', -73.8301437, 42.722661, 3632, 41, 18);
INSERT INTO [Data] (SharedAudio, HumanVoice, BodyShape, SkeletalPoints, Texture, [DateTime], Longitude, Latitude, Altitude, PContractNo, SensorID) VALUES (10011001100110011001, 00000000111111110000, 00011100011100011100, 11001100110011001100, 10101010101010101010, '2023-01-05 19:07:21', 107.643631, 35.709077, 1753, 45, 48);
INSERT INTO [Data] (SharedAudio, HumanVoice, BodyShape, SkeletalPoints, Texture, [DateTime], Longitude, Latitude, Altitude, PContractNo, SensorID) VALUES (00110011001100111100, 00011100011100011100, 00011100011100011100, 00000000111111110000, 00110011001100110011, '2023-01-03 09:09:26', 9.9744535, 7.2576942, 390, 43, 36);
INSERT INTO [Data] (SharedAudio, HumanVoice, BodyShape, SkeletalPoints, Texture, [DateTime], Longitude, Latitude, Altitude, PContractNo, SensorID) VALUES (11111111111111110000, 11111111000000001111, 11001100110011001100, 00110011001100110011, 01010101010101010101, '2022-08-02 09:00:32', 116.793053, 25.822138, 2156, 45, 37);
INSERT INTO [Data] (SharedAudio, HumanVoice, BodyShape, SkeletalPoints, Texture, [DateTime], Longitude, Latitude, Altitude, PContractNo, SensorID) VALUES (00001111000011110000, 00110011001100110011, 00000000111111110000, 01100110011001100110, 11001100110011001100, '2022-10-03 15:12:41', 23.7, 54.1, 1733, 43, 30);
INSERT INTO [Data] (SharedAudio, HumanVoice, BodyShape, SkeletalPoints, Texture, [DateTime], Longitude, Latitude, Altitude, PContractNo, SensorID) VALUES (00111100001111000011, 01100110011001100110, 11111111000000001111, 11100011100011100011, 10001000100010001000, '2022-04-15 08:18:18', 176.6906671, -39.2147054, 2919, 42, 27);
INSERT INTO [Data] (SharedAudio, HumanVoice, BodyShape, SkeletalPoints, Texture, [DateTime], Longitude, Latitude, Altitude, PContractNo, SensorID) VALUES (01010101010101010101, 11001100110011001100, 11111111000000001111, 10101010101010101010, 01100110011001100110, '2022-06-22 05:51:28', 108.1944, -7.2801, 194, 45, 1);
INSERT INTO [Data] (SharedAudio, HumanVoice, BodyShape, SkeletalPoints, Texture, [DateTime], Longitude, Latitude, Altitude, PContractNo, SensorID) VALUES (00110011001100111100, 00000000111111110000, 11001100110011001100, 10101010101010101010, 11001100110011001100, '2022-05-29 04:35:55', 27.9195, 57.063557, 2907, 44, 9);
INSERT INTO [Data] (SharedAudio, HumanVoice, BodyShape, SkeletalPoints, Texture, [DateTime], Longitude, Latitude, Altitude, PContractNo, SensorID) VALUES (11110000111100001111, 00110011001100110011, 11100011100011100011, 00011100011100011100, 00011100011100011100, '2022-05-05 07:49:54', 116.190434, 39.997756, 3398, 42, 37);
INSERT INTO [Data] (SharedAudio, HumanVoice, BodyShape, SkeletalPoints, Texture, [DateTime], Longitude, Latitude, Altitude, PContractNo, SensorID) VALUES (10101011100110011001, 01010101010101010101, 10001000100010001000, 00110011001100110011, 00110011001100110011, '2021-04-30 01:03:49', 38.8533938, 56.7391033, 58, 41, 16);
INSERT INTO [Data] (SharedAudio, HumanVoice, BodyShape, SkeletalPoints, Texture, [DateTime], Longitude, Latitude, Altitude, PContractNo, SensorID) VALUES (11111111111111110000, 11111111000000001111, 10101010101010101010, 01010101010101010101, 01010101010101010101, '2022-06-03 12:40:11', 115.135507, 27.229632, 2558, 42, 28);
INSERT INTO [Data] (SharedAudio, HumanVoice, BodyShape, SkeletalPoints, Texture, [DateTime], Longitude, Latitude, Altitude, PContractNo, SensorID) VALUES (00111100001111000011, 11111111000000001111, 10001000100010001000, 01100110011001100110, 10101010101010101010, '2023-03-04 10:10:45', 28.678979, -30.1114565, 2552, 43, 43);
INSERT INTO [Data] (SharedAudio, HumanVoice, BodyShape, SkeletalPoints, Texture, [DateTime], Longitude, Latitude, Altitude, PContractNo, SensorID) VALUES (00001111000011110000, 10001000100010001000, 01100110011001100110, 00000000111111110000, 11001100110011001100, '2023-02-20 05:06:40', -64.2726889, -31.3203573, 1214, 45, 18);
INSERT INTO [Data] (SharedAudio, HumanVoice, BodyShape, SkeletalPoints, Texture, [DateTime], Longitude, Latitude, Altitude, PContractNo, SensorID) VALUES (01010101010101010101, 11001100110011001100, 11100011100011100011, 00011100011100011100, 11111111000000001111, '2020-12-21 12:49:15', 48.254283, 32.1957948, 1923, 45, 1);
INSERT INTO [Data] (SharedAudio, HumanVoice, BodyShape, SkeletalPoints, Texture, [DateTime], Longitude, Latitude, Altitude, PContractNo, SensorID) VALUES (11000011110000111100, 11111111000000001111, 11100011100011100011, 10101010101010101010, 10101010101010101010, '2022-12-20 15:36:23', 115.974848, 40.456951, 3560, 44, 6);
INSERT INTO [Data] (SharedAudio, HumanVoice, BodyShape, SkeletalPoints, Texture, [DateTime], Longitude, Latitude, Altitude, PContractNo, SensorID) VALUES (10101010101010101010, 11001100110011001100, 00000000111111110000, 00110011001100110011, 11111111000000001111, '2021-06-18 18:13:36', 28.8474081, 48.9749521, 2806, 45, 18);
INSERT INTO [Data] (SharedAudio, HumanVoice, BodyShape, SkeletalPoints, Texture, [DateTime], Longitude, Latitude, Altitude, PContractNo, SensorID) VALUES (00111100001111000011, 11100011100011100011, 11001100110011001100, 11001100110011001100, 00011100011100011100, '2022-09-12 07:38:50', 18.9881936, 50.0026509, 2990, 42, 43);
INSERT INTO [Data] (SharedAudio, HumanVoice, BodyShape, SkeletalPoints, Texture, [DateTime], Longitude, Latitude, Altitude, PContractNo, SensorID) VALUES (11000011110000111100, 11100011100011100011, 10101010101010101010, 00011100011100011100, 00110011001100110011, '2021-09-22 10:50:33', 39.6794042, 56.5005833, 1054, 45, 26);
INSERT INTO [Data] (SharedAudio, HumanVoice, BodyShape, SkeletalPoints, Texture, [DateTime], Longitude, Latitude, Altitude, PContractNo, SensorID) VALUES (00111100001111000011, 00000000111111110000, 10101010101010101010, 00011100011100011100, 11111111000000001111, '2022-01-25 05:05:58', -73.9764283, 45.0934491, 3576, 44, 15);
INSERT INTO [Data] (SharedAudio, HumanVoice, BodyShape, SkeletalPoints, Texture, [DateTime], Longitude, Latitude, Altitude, PContractNo, SensorID) VALUES (11000011110000111100, 00000000111111110000, 11111111000000001111, 10101010101010101010, 10101010101010101010, '2021-12-30 19:29:25', 71.6657348, 30.292001, 3458, 43, 33);
INSERT INTO [Data] (SharedAudio, HumanVoice, BodyShape, SkeletalPoints, Texture, [DateTime], Longitude, Latitude, Altitude, PContractNo, SensorID) VALUES (11111111000000001111, 11111111000000001111, 10001000100010001000, 11001100110011001100, 01010101010101010101, '2020-11-14 18:45:10', 118.677372, 32.513883, 2210, 42, 49);
INSERT INTO [Data] (SharedAudio, HumanVoice, BodyShape, SkeletalPoints, Texture, [DateTime], Longitude, Latitude, Altitude, PContractNo, SensorID) VALUES (10011001100110011001, 00011100011100011100, 10001000100010001000, 01010101010101010101, 10001000100010001000, '2021-12-25 15:21:20', 4.3827303, 48.9782015, 11, 43, 7);
INSERT INTO [Data] (SharedAudio, HumanVoice, BodyShape, SkeletalPoints, Texture, [DateTime], Longitude, Latitude, Altitude, PContractNo, SensorID) VALUES (10011001100110011001, 00011100011100011100, 00011100011100011100, 11100011100011100011, 01010101010101010101, '2022-10-20 22:24:51', 36.21564, 33.54832, 452, 44, 4);
INSERT INTO [Data] (SharedAudio, HumanVoice, BodyShape, SkeletalPoints, Texture, [DateTime], Longitude, Latitude, Altitude, PContractNo, SensorID) VALUES (01010101010101010101, 11111111000000001111, 00011100011100011100, 11111111000000001111, 01010101010101010101, '2020-08-19 08:36:14', 2.234305, 48.9101028, 3397, 44, 13);
INSERT INTO [Data] (SharedAudio, HumanVoice, BodyShape, SkeletalPoints, Texture, [DateTime], Longitude, Latitude, Altitude, PContractNo, SensorID) VALUES (11110000111100001111, 00110011001100110011, 01100110011001100110, 00011100011100011100, 11001100110011001100, '2023-04-27 02:16:08', -48.653927, -27.633137, 2295, 41, 35);
INSERT INTO [Data] (SharedAudio, HumanVoice, BodyShape, SkeletalPoints, Texture, [DateTime], Longitude, Latitude, Altitude, PContractNo, SensorID) VALUES (10101010101010101010, 00011100011100011100, 00000000111111110000, 11100011100011100011, 00000000111111110000, '2022-09-26 02:08:21', 79.8842521, 7.1801552, 3179, 44, 27);
INSERT INTO [Data] (SharedAudio, HumanVoice, BodyShape, SkeletalPoints, Texture, [DateTime], Longitude, Latitude, Altitude, PContractNo, SensorID) VALUES (00000000000000001111, 01010101010101010101, 00110011001100110011, 00110011001100110011, 10101010101010101010, '2022-09-05 16:51:14', 106.27613, 29.972084, -50, 43, 5);
INSERT INTO [Data] (SharedAudio, HumanVoice, BodyShape, SkeletalPoints, Texture, [DateTime], Longitude, Latitude, Altitude, PContractNo, SensorID) VALUES (01100110011001100110, 10001000100010001000, 10001000100010001000, 01010101010101010101, 01010101010101010101, '2022-04-08 23:49:32', 9.5291085, 12.4082969, -34, 44, 48);
INSERT INTO [Data] (SharedAudio, HumanVoice, BodyShape, SkeletalPoints, Texture, [DateTime], Longitude, Latitude, Altitude, PContractNo, SensorID) VALUES (01010101010101010101, 00110011001100110011, 01010101010101010101, 00000000111111110000, 00011100011100011100, '2022-07-05 23:17:23', 113.5371368, -8.2637032, 2201, 43, 30);
INSERT INTO [Data] (SharedAudio, HumanVoice, BodyShape, SkeletalPoints, Texture, [DateTime], Longitude, Latitude, Altitude, PContractNo, SensorID) VALUES (01010101010101010101, 10001000100010001000, 00011100011100011100, 11100011100011100011, 01010101010101010101, '2020-09-28 01:23:34', 21.2431408, 55.8884553, 83, 43, 24);
INSERT INTO [Data] (SharedAudio, HumanVoice, BodyShape, SkeletalPoints, Texture, [DateTime], Longitude, Latitude, Altitude, PContractNo, SensorID) VALUES (00111100001111000011, 10001000100010001000, 11001100110011001100, 11100011100011100011, 00110011001100110011, '2021-07-10 11:09:07', 104.8888301, 14.5265067, 3148, 43, 41);


-- join: standard subscription <-> video (30 records)
INSERT INTO StandardSubscription_Video (VideoNo, ContractNo) VALUES (27, 1);
INSERT INTO StandardSubscription_Video (VideoNo, ContractNo) VALUES (18, 23);
INSERT INTO StandardSubscription_Video (VideoNo, ContractNo) VALUES (6, 2);
INSERT INTO StandardSubscription_Video (VideoNo, ContractNo) VALUES (15, 3);
INSERT INTO StandardSubscription_Video (VideoNo, ContractNo) VALUES (23, 4);
INSERT INTO StandardSubscription_Video (VideoNo, ContractNo) VALUES (47, 22);
INSERT INTO StandardSubscription_Video (VideoNo, ContractNo) VALUES (10, 19);
INSERT INTO StandardSubscription_Video (VideoNo, ContractNo) VALUES (34, 1);
INSERT INTO StandardSubscription_Video (VideoNo, ContractNo) VALUES (14, 21);
INSERT INTO StandardSubscription_Video (VideoNo, ContractNo) VALUES (50, 2);
INSERT INTO StandardSubscription_Video (VideoNo, ContractNo) VALUES (19, 3);
INSERT INTO StandardSubscription_Video (VideoNo, ContractNo) VALUES (44, 4);
INSERT INTO StandardSubscription_Video (VideoNo, ContractNo) VALUES (21, 5);
INSERT INTO StandardSubscription_Video (VideoNo, ContractNo) VALUES (50, 17);
INSERT INTO StandardSubscription_Video (VideoNo, ContractNo) VALUES (13, 3);
INSERT INTO StandardSubscription_Video (VideoNo, ContractNo) VALUES (42, 20);
INSERT INTO StandardSubscription_Video (VideoNo, ContractNo) VALUES (48, 13);
INSERT INTO StandardSubscription_Video (VideoNo, ContractNo) VALUES (29, 8);
INSERT INTO StandardSubscription_Video (VideoNo, ContractNo) VALUES (47, 21);
INSERT INTO StandardSubscription_Video (VideoNo, ContractNo) VALUES (37, 4);
INSERT INTO StandardSubscription_Video (VideoNo, ContractNo) VALUES (13, 24);
INSERT INTO StandardSubscription_Video (VideoNo, ContractNo) VALUES (38, 17);
INSERT INTO StandardSubscription_Video (VideoNo, ContractNo) VALUES (10, 15);
INSERT INTO StandardSubscription_Video (VideoNo, ContractNo) VALUES (45, 7);
INSERT INTO StandardSubscription_Video (VideoNo, ContractNo) VALUES (13, 6);
INSERT INTO StandardSubscription_Video (VideoNo, ContractNo) VALUES (3, 25);
INSERT INTO StandardSubscription_Video (VideoNo, ContractNo) VALUES (48, 17);
INSERT INTO StandardSubscription_Video (VideoNo, ContractNo) VALUES (23, 16);
INSERT INTO StandardSubscription_Video (VideoNo, ContractNo) VALUES (13, 22);
INSERT INTO StandardSubscription_Video (VideoNo, ContractNo) VALUES (5, 8);


-- join: gold subscription <-> video (10 records)
INSERT INTO GoldSubscription_Video (VideoNo, ContractNo) VALUES (27, 31);
INSERT INTO GoldSubscription_Video (VideoNo, ContractNo) VALUES (18, 32);
INSERT INTO GoldSubscription_Video (VideoNo, ContractNo) VALUES (6, 33);
INSERT INTO GoldSubscription_Video (VideoNo, ContractNo) VALUES (15, 34);
INSERT INTO GoldSubscription_Video (VideoNo, ContractNo) VALUES (23, 35);
INSERT INTO GoldSubscription_Video (VideoNo, ContractNo) VALUES (45, 36);
INSERT INTO GoldSubscription_Video (VideoNo, ContractNo) VALUES (10, 37);
INSERT INTO GoldSubscription_Video (VideoNo, ContractNo) VALUES (34, 38);
INSERT INTO GoldSubscription_Video (VideoNo, ContractNo) VALUES (14, 39);
INSERT INTO GoldSubscription_Video (VideoNo, ContractNo) VALUES (14, 40);


-- zone (20 records)
INSERT INTO [Zone] (ContractNo) VALUES (45);
INSERT INTO [Zone] (ContractNo) VALUES (43);
INSERT INTO [Zone] (ContractNo) VALUES (45);
INSERT INTO [Zone] (ContractNo) VALUES (42);
INSERT INTO [Zone] (ContractNo) VALUES (49);
INSERT INTO [Zone] (ContractNo) VALUES (41);
INSERT INTO [Zone] (ContractNo) VALUES (45);
INSERT INTO [Zone] (ContractNo) VALUES (41);
INSERT INTO [Zone] (ContractNo) VALUES (45);
INSERT INTO [Zone] (ContractNo) VALUES (41);
INSERT INTO [Zone] (ContractNo) VALUES (45);
INSERT INTO [Zone] (ContractNo) VALUES (43);
INSERT INTO [Zone] (ContractNo) VALUES (50);
INSERT INTO [Zone] (ContractNo) VALUES (47);
INSERT INTO [Zone] (ContractNo) VALUES (50);
INSERT INTO [Zone] (ContractNo) VALUES (46);
INSERT INTO [Zone] (ContractNo) VALUES (43);
INSERT INTO [Zone] (ContractNo) VALUES (43);
INSERT INTO [Zone] (ContractNo) VALUES (45);
INSERT INTO [Zone] (ContractNo) VALUES (46);


-- join: zone <-> sensor (20 records)
INSERT INTO Zone_Sensor (ZoneID, SensorID) VALUES (14, 24);
INSERT INTO Zone_Sensor (ZoneID, SensorID) VALUES (19, 31);
INSERT INTO Zone_Sensor (ZoneID, SensorID) VALUES (13, 33);
INSERT INTO Zone_Sensor (ZoneID, SensorID) VALUES (11, 9);
INSERT INTO Zone_Sensor (ZoneID, SensorID) VALUES (15, 6);
INSERT INTO Zone_Sensor (ZoneID, SensorID) VALUES (20, 26);
INSERT INTO Zone_Sensor (ZoneID, SensorID) VALUES (9, 39);
INSERT INTO Zone_Sensor (ZoneID, SensorID) VALUES (9, 26);
INSERT INTO Zone_Sensor (ZoneID, SensorID) VALUES (13, 17);
INSERT INTO Zone_Sensor (ZoneID, SensorID) VALUES (5, 26);
INSERT INTO Zone_Sensor (ZoneID, SensorID) VALUES (11, 4);
INSERT INTO Zone_Sensor (ZoneID, SensorID) VALUES (7, 4);
INSERT INTO Zone_Sensor (ZoneID, SensorID) VALUES (3, 48);
INSERT INTO Zone_Sensor (ZoneID, SensorID) VALUES (3, 26);
INSERT INTO Zone_Sensor (ZoneID, SensorID) VALUES (2, 9);
INSERT INTO Zone_Sensor (ZoneID, SensorID) VALUES (5, 1);
INSERT INTO Zone_Sensor (ZoneID, SensorID) VALUES (16, 8);
INSERT INTO Zone_Sensor (ZoneID, SensorID) VALUES (6, 32);
INSERT INTO Zone_Sensor (ZoneID, SensorID) VALUES (9, 1);
INSERT INTO Zone_Sensor (ZoneID, SensorID) VALUES (11, 3);


-- maintainance record (20 records)
INSERT INTO MaintenanceRecord ([DateTime], SensorID, MaintenanceNotes, MaintainerID) VALUES ('2023-04-23 16:58:44', 29, 'Proin leo odio, porttitor id, consequat in, consequat ut, nulla. Sed accumsan felis. Ut at dolor quis odio consequat varius.', 26);
INSERT INTO MaintenanceRecord ([DateTime], SensorID, MaintenanceNotes, MaintainerID) VALUES ('2022-09-17 17:14:37', 26, 'Praesent blandit. Nam nulla. Integer pede justo, lacinia eget, tincidunt eget, tempus vel, pede.', 30);
INSERT INTO MaintenanceRecord ([DateTime], SensorID, MaintenanceNotes, MaintainerID) VALUES ('2022-02-21 23:10:59', 41, 'Proin interdum mauris non ligula pellentesque ultrices. Phasellus id sapien in sapien iaculis congue. Vivamus metus arcu, adipiscing molestie, hendrerit at, vulputate vitae, nisl.', 30);
INSERT INTO MaintenanceRecord ([DateTime], SensorID, MaintenanceNotes, MaintainerID) VALUES ('2022-04-27 06:23:05', 49, 'Proin interdum mauris non ligula pellentesque ultrices. Phasellus id sapien in sapien iaculis congue. Vivamus metus arcu, adipiscing molestie, hendrerit at, vulputate vitae, nisl.', 30);
INSERT INTO MaintenanceRecord ([DateTime], SensorID, MaintenanceNotes, MaintainerID) VALUES ('2022-03-15 00:42:52', 17, 'Integer tincidunt ante vel ipsum. Praesent blandit lacinia erat. Vestibulum sed magna at nunc commodo placerat.', 26);
INSERT INTO MaintenanceRecord ([DateTime], SensorID, MaintenanceNotes, MaintainerID) VALUES ('2023-02-28 10:45:26', 49, 'In sagittis dui vel nisl. Duis ac nibh. Fusce lacus purus, aliquet at, feugiat non, pretium quis, lectus.', 26);
INSERT INTO MaintenanceRecord ([DateTime], SensorID, MaintenanceNotes, MaintainerID) VALUES ('2022-02-06 04:18:44', 2, 'Aenean fermentum. Donec ut mauris eget massa tempor convallis. Nulla neque libero, convallis eget, eleifend luctus, ultricies eu, nibh.', 26);
INSERT INTO MaintenanceRecord ([DateTime], SensorID, MaintenanceNotes, MaintainerID) VALUES ('2022-06-02 04:56:21', 47, 'Aenean fermentum. Donec ut mauris eget massa tempor convallis. Nulla neque libero, convallis eget, eleifend luctus, ultricies eu, nibh.', 28);
INSERT INTO MaintenanceRecord ([DateTime], SensorID, MaintenanceNotes, MaintainerID) VALUES ('2022-02-17 04:40:24', 22, 'Vestibulum quam sapien, varius ut, blandit non, interdum in, ante. Vestibulum ante ipsum primis in faucibus orci luctus et ultrices posuere cubilia Curae; Duis faucibus accumsan odio. Curabitur convallis.', 27);
INSERT INTO MaintenanceRecord ([DateTime], SensorID, MaintenanceNotes, MaintainerID) VALUES ('2022-11-02 16:24:58', 17, 'Aliquam quis turpis eget elit sodales scelerisque. Mauris sit amet eros. Suspendisse accumsan tortor quis turpis.', 29);
INSERT INTO MaintenanceRecord ([DateTime], SensorID, MaintenanceNotes, MaintainerID) VALUES ('2021-12-29 02:06:35', 2, 'Vestibulum ac est lacinia nisi venenatis tristique. Fusce congue, diam id ornare imperdiet, sapien urna pretium nisl, ut volutpat sapien arcu sed augue. Aliquam erat volutpat.', 30);
INSERT INTO MaintenanceRecord ([DateTime], SensorID, MaintenanceNotes, MaintainerID) VALUES ('2020-11-01 06:02:10', 45, 'Maecenas leo odio, condimentum id, luctus nec, molestie sed, justo. Pellentesque viverra pede ac diam. Cras pellentesque volutpat dui.', 29);
INSERT INTO MaintenanceRecord ([DateTime], SensorID, MaintenanceNotes, MaintainerID) VALUES ('2021-03-18 02:44:40', 26, 'Aliquam quis turpis eget elit sodales scelerisque. Mauris sit amet eros. Suspendisse accumsan tortor quis turpis.', 27);
INSERT INTO MaintenanceRecord ([DateTime], SensorID, MaintenanceNotes, MaintainerID) VALUES ('2022-10-01 16:19:00', 17, 'Praesent id massa id nisl venenatis lacinia. Aenean sit amet justo. Morbi ut odio.', 27);
INSERT INTO MaintenanceRecord ([DateTime], SensorID, MaintenanceNotes, MaintainerID) VALUES ('2023-03-25 08:29:31', 29, 'In sagittis dui vel nisl. Duis ac nibh. Fusce lacus purus, aliquet at, feugiat non, pretium quis, lectus.', 29);
INSERT INTO MaintenanceRecord ([DateTime], SensorID, MaintenanceNotes, MaintainerID) VALUES ('2022-09-11 05:07:07', 35, 'Nullam sit amet turpis elementum ligula vehicula consequat. Morbi a ipsum. Integer a nibh.', 26);
INSERT INTO MaintenanceRecord ([DateTime], SensorID, MaintenanceNotes, MaintainerID) VALUES ('2023-01-11 20:23:04', 4, 'Suspendisse potenti. In eleifend quam a odio. In hac habitasse platea dictumst.', 26);
INSERT INTO MaintenanceRecord ([DateTime], SensorID, MaintenanceNotes, MaintainerID) VALUES ('2023-01-28 10:42:01', 28, 'Duis bibendum. Morbi non quam nec dui luctus rutrum. Nulla tellus.', 28);
INSERT INTO MaintenanceRecord ([DateTime], SensorID, MaintenanceNotes, MaintainerID) VALUES ('2023-01-29 06:11:59', 41, 'Cras mi pede, malesuada in, imperdiet et, commodo vulputate, justo. In blandit ultrices enim. Lorem ipsum dolor sit amet, consectetuer adipiscing elit.', 26);
INSERT INTO MaintenanceRecord ([DateTime], SensorID, MaintenanceNotes, MaintainerID) VALUES ('2020-11-06 21:39:32', 42, 'Morbi porttitor lorem id ligula. Suspendisse ornare consequat lectus. In est risus, auctor sed, tristique in, tempus sit amet, sem.', 27);


-- part (20 records)
INSERT INTO Part (PartName, Price) VALUES ('Pyrenopsis fuscoatra Fink', 66.88);
INSERT INTO Part (PartName, Price) VALUES ('Hypericum diosmoides Griseb.', 145.47);
INSERT INTO Part (PartName, Price) VALUES ('Rudbeckia laciniata L. var. bipinnata Perdue', 78.72);
INSERT INTO Part (PartName, Price) VALUES ('Phlox idahonis Wherry', 12.15);
INSERT INTO Part (PartName, Price) VALUES ('Hypericum canadense L.', 23.49);
INSERT INTO Part (PartName, Price) VALUES ('Citrullus lanatus (Thunb.) Matsum. & Nakai var. lanatus', 70.36);
INSERT INTO Part (PartName, Price) VALUES ('Solidago lancifolia Torr. & A. Gray', 115.43);
INSERT INTO Part (PartName, Price) VALUES ('Sphaeralcea digitata (Greene) Rydb.', 55.72);
INSERT INTO Part (PartName, Price) VALUES ('Philodendron hederaceum (Jacq.) Schott var. hederaceum', 54.07);
INSERT INTO Part (PartName, Price) VALUES ('Ageratina altissima (L.) R.M. King & H. Rob.', 132.49);
INSERT INTO Part (PartName, Price) VALUES ('Psilactis brevilingulata Sch. Bip. ex Hemsl.', 18.7);
INSERT INTO Part (PartName, Price) VALUES ('Oldenlandia L.', 135.9);
INSERT INTO Part (PartName, Price) VALUES ('Ctenidium molluscum (Hedw.) Mitt.', 137.57);
INSERT INTO Part (PartName, Price) VALUES ('Lesquerella valida Greene', 170.35);
INSERT INTO Part (PartName, Price) VALUES ('Vernonia ×dissimilis Gleason (pro sp.)', 183.78);
INSERT INTO Part (PartName, Price) VALUES ('Brickellia eupatorioides (L.) Shinners var. corymbulosa (Torr. & A. Gray) Shinners', 33.54);
INSERT INTO Part (PartName, Price) VALUES ('Antenoron neofiliforme (Nakai) H. Hara', 7.16);
INSERT INTO Part (PartName, Price) VALUES ('Matelea alabamensis (Vail) Woodson', 182.57);
INSERT INTO Part (PartName, Price) VALUES ('Hypogymnia farinacea Zopf', 155.39);
INSERT INTO Part (PartName, Price) VALUES ('Ophiopogon jaburan (Siebold) Lodd.', 26.49);


-- supplier (10 records
INSERT INTO Supplier (SupplierName, ContactName, Specialisation, AddressID, ContactInfoID) VALUES ('Greenfelder Inc', 'Darya', 'Viewfinder production', 36, 11);
INSERT INTO Supplier (SupplierName, ContactName, Specialisation, AddressID, ContactInfoID) VALUES ('Hills-Farrell', 'Teddy', 'Shutter mechanism manufacturing', 8, 15);
INSERT INTO Supplier (SupplierName, ContactName, Specialisation, AddressID, ContactInfoID) VALUES ('Hettinger-Marks', 'Tawnya', 'Camera bag and case production', 50, 37);
INSERT INTO Supplier (SupplierName, ContactName, Specialisation, AddressID, ContactInfoID) VALUES ('Von-Mueller', 'Christian', 'Viewfinder production', 38, 47);
INSERT INTO Supplier (SupplierName, ContactName, Specialisation, AddressID, ContactInfoID) VALUES ('McCullough, Bartoletti and Jaskolski', 'Zsazsa', 'Tripod and mount production', 8, 5);
INSERT INTO Supplier (SupplierName, ContactName, Specialisation, AddressID, ContactInfoID) VALUES ('Schumm Group', 'Erminie', 'Viewfinder production', 20, 47);
INSERT INTO Supplier (SupplierName, ContactName, Specialisation, AddressID, ContactInfoID) VALUES ('D''Amore-Okuneva', 'Amos', 'Lens manufacturing', 46, 30);
INSERT INTO Supplier (SupplierName, ContactName, Specialisation, AddressID, ContactInfoID) VALUES ('Jenkins, Pagac and Ryan', 'Bathsheba', 'Optical filter production', 49, 45);
INSERT INTO Supplier (SupplierName, ContactName, Specialisation, AddressID, ContactInfoID) VALUES ('Marvin Inc', 'Osgood', 'Optical filter production', 20, 29);
INSERT INTO Supplier (SupplierName, ContactName, Specialisation, AddressID, ContactInfoID) VALUES ('Von-Mraz', 'Courtenay', 'Viewfinder production', 28, 41);


-- join: maintenance record <-> part (10 records)
INSERT INTO MaintenanceRecord_Part (PartName, [DateTime], SensorID) VALUES ('Ophiopogon jaburan (Siebold) Lodd.', '2023-04-23 16:58:44', 29);
INSERT INTO MaintenanceRecord_Part (PartName, [DateTime], SensorID) VALUES ('Hypogymnia farinacea Zopf', '2022-09-17 17:14:37', 26);
INSERT INTO MaintenanceRecord_Part (PartName, [DateTime], SensorID) VALUES ('Antenoron neofiliforme (Nakai) H. Hara', '2022-03-15 00:42:52', 17);
INSERT INTO MaintenanceRecord_Part (PartName, [DateTime], SensorID) VALUES ('Matelea alabamensis (Vail) Woodson', '2022-02-06 04:18:44', 2);
INSERT INTO MaintenanceRecord_Part (PartName, [DateTime], SensorID) VALUES ('Oldenlandia L.', '2021-12-29 02:06:35', 2);
INSERT INTO MaintenanceRecord_Part (PartName, [DateTime], SensorID) VALUES ('Phlox idahonis Wherry', '2021-12-29 02:06:35', 2);
INSERT INTO MaintenanceRecord_Part (PartName, [DateTime], SensorID) VALUES ('Oldenlandia L.', '2023-04-23 16:58:44', 29);
INSERT INTO MaintenanceRecord_Part (PartName, [DateTime], SensorID) VALUES ('Phlox idahonis Wherry', '2023-01-11 20:23:04', 4);
INSERT INTO MaintenanceRecord_Part (PartName, [DateTime], SensorID) VALUES ('Phlox idahonis Wherry', '2023-01-29 06:11:59', 41);
INSERT INTO MaintenanceRecord_Part (PartName, [DateTime], SensorID) VALUES ('Phlox idahonis Wherry', '2023-04-23 16:58:44', 29);


-- join: sensor <-> part (50 records)
INSERT INTO Sensor_Part (SensorID, PartName) VALUES (1, 'Pyrenopsis fuscoatra Fink');
INSERT INTO Sensor_Part (SensorID, PartName) VALUES (2, 'Hypericum diosmoides Griseb.');
INSERT INTO Sensor_Part (SensorID, PartName) VALUES (3, 'Rudbeckia laciniata L. var. bipinnata Perdue');
INSERT INTO Sensor_Part (SensorID, PartName) VALUES (4, 'Phlox idahonis Wherry');
INSERT INTO Sensor_Part (SensorID, PartName) VALUES (5, 'Hypericum canadense L.');
INSERT INTO Sensor_Part (SensorID, PartName) VALUES (6, 'Citrullus lanatus (Thunb.) Matsum. & Nakai var. lanatus');
INSERT INTO Sensor_Part (SensorID, PartName) VALUES (7, 'Solidago lancifolia Torr. & A. Gray');
INSERT INTO Sensor_Part (SensorID, PartName) VALUES (8, 'Sphaeralcea digitata (Greene) Rydb.');
INSERT INTO Sensor_Part (SensorID, PartName) VALUES (9, 'Philodendron hederaceum (Jacq.) Schott var. hederaceum');
INSERT INTO Sensor_Part (SensorID, PartName) VALUES (10, 'Ageratina altissima (L.) R.M. King & H. Rob.');
INSERT INTO Sensor_Part (SensorID, PartName) VALUES (11, 'Psilactis brevilingulata Sch. Bip. ex Hemsl.');
INSERT INTO Sensor_Part (SensorID, PartName) VALUES (12, 'Oldenlandia L.');
INSERT INTO Sensor_Part (SensorID, PartName) VALUES (13, 'Ctenidium molluscum (Hedw.) Mitt.');
INSERT INTO Sensor_Part (SensorID, PartName) VALUES (14, 'Lesquerella valida Greene');
INSERT INTO Sensor_Part (SensorID, PartName) VALUES (15, 'Vernonia ×dissimilis Gleason (pro sp.)');
INSERT INTO Sensor_Part (SensorID, PartName) VALUES (16, 'Brickellia eupatorioides (L.) Shinners var. corymbulosa (Torr. & A. Gray) Shinners');
INSERT INTO Sensor_Part (SensorID, PartName) VALUES (17, 'Antenoron neofiliforme (Nakai) H. Hara');
INSERT INTO Sensor_Part (SensorID, PartName) VALUES (18, 'Matelea alabamensis (Vail) Woodson');
INSERT INTO Sensor_Part (SensorID, PartName) VALUES (19, 'Hypogymnia farinacea Zopf');
INSERT INTO Sensor_Part (SensorID, PartName) VALUES (20, 'Ophiopogon jaburan (Siebold) Lodd.');
INSERT INTO Sensor_Part (SensorID, PartName) VALUES (21, 'Pyrenopsis fuscoatra Fink');
INSERT INTO Sensor_Part (SensorID, PartName) VALUES (22, 'Hypericum diosmoides Griseb.');
INSERT INTO Sensor_Part (SensorID, PartName) VALUES (23, 'Rudbeckia laciniata L. var. bipinnata Perdue');
INSERT INTO Sensor_Part (SensorID, PartName) VALUES (24, 'Phlox idahonis Wherry');
INSERT INTO Sensor_Part (SensorID, PartName) VALUES (25, 'Hypericum canadense L.');
INSERT INTO Sensor_Part (SensorID, PartName) VALUES (26, 'Citrullus lanatus (Thunb.) Matsum. & Nakai var. lanatus');
INSERT INTO Sensor_Part (SensorID, PartName) VALUES (27, 'Solidago lancifolia Torr. & A. Gray');
INSERT INTO Sensor_Part (SensorID, PartName) VALUES (28, 'Sphaeralcea digitata (Greene) Rydb.');
INSERT INTO Sensor_Part (SensorID, PartName) VALUES (29, 'Philodendron hederaceum (Jacq.) Schott var. hederaceum');
INSERT INTO Sensor_Part (SensorID, PartName) VALUES (30, 'Ageratina altissima (L.) R.M. King & H. Rob.');
INSERT INTO Sensor_Part (SensorID, PartName) VALUES (31, 'Psilactis brevilingulata Sch. Bip. ex Hemsl.');
INSERT INTO Sensor_Part (SensorID, PartName) VALUES (32, 'Oldenlandia L.');
INSERT INTO Sensor_Part (SensorID, PartName) VALUES (33, 'Ctenidium molluscum (Hedw.) Mitt.');
INSERT INTO Sensor_Part (SensorID, PartName) VALUES (34, 'Lesquerella valida Greene');
INSERT INTO Sensor_Part (SensorID, PartName) VALUES (35, 'Vernonia ×dissimilis Gleason (pro sp.)');
INSERT INTO Sensor_Part (SensorID, PartName) VALUES (36, 'Brickellia eupatorioides (L.) Shinners var. corymbulosa (Torr. & A. Gray) Shinners');
INSERT INTO Sensor_Part (SensorID, PartName) VALUES (37, 'Antenoron neofiliforme (Nakai) H. Hara');
INSERT INTO Sensor_Part (SensorID, PartName) VALUES (38, 'Matelea alabamensis (Vail) Woodson');
INSERT INTO Sensor_Part (SensorID, PartName) VALUES (39, 'Hypogymnia farinacea Zopf');
INSERT INTO Sensor_Part (SensorID, PartName) VALUES (40, 'Ophiopogon jaburan (Siebold) Lodd.');
INSERT INTO Sensor_Part (SensorID, PartName) VALUES (41, 'Pyrenopsis fuscoatra Fink');
INSERT INTO Sensor_Part (SensorID, PartName) VALUES (42, 'Hypericum diosmoides Griseb.');
INSERT INTO Sensor_Part (SensorID, PartName) VALUES (43, 'Rudbeckia laciniata L. var. bipinnata Perdue');
INSERT INTO Sensor_Part (SensorID, PartName) VALUES (44, 'Phlox idahonis Wherry');
INSERT INTO Sensor_Part (SensorID, PartName) VALUES (45, 'Hypericum canadense L.');
INSERT INTO Sensor_Part (SensorID, PartName) VALUES (46, 'Citrullus lanatus (Thunb.) Matsum. & Nakai var. lanatus');
INSERT INTO Sensor_Part (SensorID, PartName) VALUES (4, 'Solidago lancifolia Torr. & A. Gray');
INSERT INTO Sensor_Part (SensorID, PartName) VALUES (4, 'Sphaeralcea digitata (Greene) Rydb.');
INSERT INTO Sensor_Part (SensorID, PartName) VALUES (4, 'Philodendron hederaceum (Jacq.) Schott var. hederaceum');
INSERT INTO Sensor_Part (SensorID, PartName) VALUES (4, 'Ageratina altissima (L.) R.M. King & H. Rob.');


-- join: supplier <-> part (15 records)
INSERT INTO Part_Supplier (PartName, SupplierName) VALUES ('Pyrenopsis fuscoatra Fink', 'Greenfelder Inc');
INSERT INTO Part_Supplier (PartName, SupplierName) VALUES ('Hypericum diosmoides Griseb.', 'Hills-Farrell');
INSERT INTO Part_Supplier (PartName, SupplierName) VALUES ('Rudbeckia laciniata L. var. bipinnata Perdue', 'Greenfelder Inc');
INSERT INTO Part_Supplier (PartName, SupplierName) VALUES ('Phlox idahonis Wherry', 'Schumm Group');
INSERT INTO Part_Supplier (PartName, SupplierName) VALUES ('Hypericum canadense L.', 'Schumm Group');
INSERT INTO Part_Supplier (PartName, SupplierName) VALUES ('Citrullus lanatus (Thunb.) Matsum. & Nakai var. lanatus', 'Jenkins, Pagac and Ryan');
INSERT INTO Part_Supplier (PartName, SupplierName) VALUES ('Solidago lancifolia Torr. & A. Gray', 'Hettinger-Marks');
INSERT INTO Part_Supplier (PartName, SupplierName) VALUES ('Sphaeralcea digitata (Greene) Rydb.', 'Jenkins, Pagac and Ryan');
INSERT INTO Part_Supplier (PartName, SupplierName) VALUES ('Philodendron hederaceum (Jacq.) Schott var. hederaceum', 'Hills-Farrell');
INSERT INTO Part_Supplier (PartName, SupplierName) VALUES ('Ageratina altissima (L.) R.M. King & H. Rob.', 'Marvin Inc');
INSERT INTO Part_Supplier (PartName, SupplierName) VALUES ('Psilactis brevilingulata Sch. Bip. ex Hemsl.', 'Schumm Group');
INSERT INTO Part_Supplier (PartName, SupplierName) VALUES ('Oldenlandia L.', 'Marvin Inc');
INSERT INTO Part_Supplier (PartName, SupplierName) VALUES ('Ctenidium molluscum (Hedw.) Mitt.', 'Von-Mueller');
INSERT INTO Part_Supplier (PartName, SupplierName) VALUES ('Lesquerella valida Greene', 'Von-Mueller');
INSERT INTO Part_Supplier (PartName, SupplierName) VALUES ('Vernonia ×dissimilis Gleason (pro sp.)', 'Schumm Group');
